{"Assets/Graphics/game.png 295 408":{"0":{"xTexture":299,"yTexture":412,"xSize":1,"ySize":1,"xOffset":-0.5,"yOffset":-0.5,"hasBox":false,"xSizeBox":0,"ySizeBox":0,"xOffsetBox":0,"yOffsetBox":0},"1":{"xTexture":305,"yTexture":412,"xSize":13,"ySize":1,"xOffset":-6.5,"yOffset":0,"hasBox":true,"xSizeBox":9,"ySizeBox":1,"xOffsetBox":-4.5,"yOffsetBox":0},"2":{"xTexture":323,"yTexture":412,"xSize":14,"ySize":2,"xOffset":-6.5,"yOffset":0,"hasBox":true,"xSizeBox":11,"ySizeBox":2,"xOffsetBox":-5.5,"yOffsetBox":0},"3":{"xTexture":342,"yTexture":412,"xSize":15,"ySize":3,"xOffset":-7.5,"yOffset":0,"hasBox":true,"xSizeBox":11,"ySizeBox":3,"xOffsetBox":-5.5,"yOffsetBox":0},"4":{"xTexture":362,"yTexture":412,"xSize":14,"ySize":4,"xOffset":-7,"yOffset":0,"hasBox":true,"xSizeBox":10,"ySizeBox":4,"xOffsetBox":-5,"yOffsetBox":0},"5":{"xTexture":381,"yTexture":412,"xSize":13,"ySize":5,"xOffset":-6.5,"yOffset":0,"hasBox":true,"xSizeBox":9,"ySizeBox":5,"xOffsetBox":-4.5,"yOffsetBox":0},"6":{"xTexture":399,"yTexture":412,"xSize":12,"ySize":6,"xOffset":-6,"yOffset":0,"hasBox":true,"xSizeBox":8,"ySizeBox":6,"xOffsetBox":-4,"yOffsetBox":0},"7":{"xTexture":416,"yTexture":412,"xSize":10,"ySize":7,"xOffset":-5,"yOffset":0,"hasBox":true,"xSizeBox":8,"ySizeBox":7,"xOffsetBox":-4,"yOffsetBox":0},"8":{"xTexture":431,"yTexture":412,"xSize":8,"ySize":8,"xOffset":-4,"yOffset":0,"hasBox":true,"xSizeBox":8,"ySizeBox":8,"xOffsetBox":-4,"yOffsetBox":0},"9":{"xTexture":444,"yTexture":412,"xSize":8,"ySize":9,"xOffset":-4,"yOffset":0,"hasBox":true,"xSizeBox":8,"ySizeBox":8,"xOffsetBox":-4,"yOffsetBox":1},"10":{"xTexture":457,"yTexture":412,"xSize":8,"ySize":10,"xOffset":-4,"yOffset":0,"hasBox":true,"xSizeBox":8,"ySizeBox":8,"xOffsetBox":-4,"yOffsetBox":2},"11":{"xTexture":470,"yTexture":412,"xSize":7,"ySize":12,"xOffset":-3.5,"yOffset":0,"hasBox":true,"xSizeBox":7,"ySizeBox":8,"xOffsetBox":-3.5,"yOffsetBox":4},"12":{"xTexture":482,"yTexture":412,"xSize":10,"ySize":12,"xOffset":-5,"yOffset":0,"hasBox":true,"xSizeBox":8,"ySizeBox":5,"xOffsetBox":-4,"yOffsetBox":7},"13":{"xTexture":497,"yTexture":412,"xSize":16,"ySize":12,"xOffset":-8,"yOffset":0,"hasBox":false,"xSizeBox":0,"ySizeBox":0,"xOffsetBox":0,"yOffsetBox":0},"14":{"xTexture":518,"yTexture":412,"xSize":17,"ySize":12,"xOffset":-8.5,"yOffset":0,"hasBox":false,"xSizeBox":0,"ySizeBox":0,"xOffsetBox":0,"yOffsetBox":0},"15":{"xTexture":540,"yTexture":412,"xSize":18,"ySize":12,"xOffset":-9,"yOffset":0,"hasBox":false,"xSizeBox":0,"ySizeBox":0,"xOffsetBox":0,"yOffsetBox":0},"16":{"xTexture":563,"yTexture":412,"xSize":17,"ySize":12,"xOffset":-8.5,"yOffset":0,"hasBox":false,"xSizeBox":0,"ySizeBox":0,"xOffsetBox":0,"yOffsetBox":0}},"Assets/Graphics/game.png 295 388":{"0":{"xTexture":299,"yTexture":392,"xSize":9,"ySize":7,"xOffset":-4.5,"yOffset":-7,"hasBox":true,"xSizeBox":7,"ySizeBox":6,"xOffsetBox":-3.5,"yOffsetBox":-6},"1":{"xTexture":313,"yTexture":392,"xSize":9,"ySize":7,"xOffset":-4.5,"yOffset":-7,"hasBox":true,"xSizeBox":5,"ySizeBox":4,"xOffsetBox":-2.5,"yOffsetBox":-5},"2":{"xTexture":327,"yTexture":392,"xSize":10,"ySize":6,"xOffset":-5,"yOffset":-6,"hasBox":true,"xSizeBox":6,"ySizeBox":3,"xOffsetBox":-3,"yOffsetBox":-4},"3":{"xTexture":342,"yTexture":392,"xSize":11,"ySize":5,"xOffset":-5.5,"yOffset":-5,"hasBox":true,"xSizeBox":7,"ySizeBox":2,"xOffsetBox":-3.5,"yOffsetBox":-3},"4":{"xTexture":358,"yTexture":392,"xSize":9,"ySize":7,"xOffset":-4.5,"yOffset":-7,"hasBox":true,"xSizeBox":5,"ySizeBox":4,"xOffsetBox":-2.5,"yOffsetBox":-5},"5":{"xTexture":372,"yTexture":392,"xSize":10,"ySize":6,"xOffset":-5,"yOffset":-6,"hasBox":true,"xSizeBox":6,"ySizeBox":3,"xOffsetBox":-3,"yOffsetBox":-4},"6":{"xTexture":387,"yTexture":392,"xSize":11,"ySize":5,"xOffset":-5.5,"yOffset":-5,"hasBox":true,"xSizeBox":7,"ySizeBox":2,"xOffsetBox":-3.5,"yOffsetBox":-3},"7":{"xTexture":403,"yTexture":392,"xSize":9,"ySize":7,"xOffset":-4.5,"yOffset":-7,"hasBox":true,"xSizeBox":5,"ySizeBox":3,"xOffsetBox":-2.5,"yOffsetBox":-5},"8":{"xTexture":417,"yTexture":392,"xSize":8,"ySize":8,"xOffset":-4,"yOffset":-7,"hasBox":true,"xSizeBox":4,"ySizeBox":4,"xOffsetBox":-2,"yOffsetBox":-5},"9":{"xTexture":430,"yTexture":392,"xSize":9,"ySize":7,"xOffset":-4.5,"yOffset":-7,"hasBox":true,"xSizeBox":5,"ySizeBox":3,"xOffsetBox":-2.5,"yOffsetBox":-5},"10":{"xTexture":444,"yTexture":392,"xSize":9,"ySize":7,"xOffset":-4.5,"yOffset":-7,"hasBox":true,"xSizeBox":5,"ySizeBox":3,"xOffsetBox":-2.5,"yOffsetBox":-5},"11":{"xTexture":458,"yTexture":392,"xSize":8,"ySize":8,"xOffset":-4,"yOffset":-7,"hasBox":true,"xSizeBox":4,"ySizeBox":4,"xOffsetBox":-2,"yOffsetBox":-5},"12":{"xTexture":471,"yTexture":392,"xSize":7,"ySize":9,"xOffset":-3.5,"yOffset":-8,"hasBox":true,"xSizeBox":4,"ySizeBox":5,"xOffsetBox":-1.5,"yOffsetBox":-6},"13":{"xTexture":483,"yTexture":392,"xSize":6,"ySize":10,"xOffset":-2.5,"yOffset":-8.5,"hasBox":true,"xSizeBox":3,"ySizeBox":6,"xOffsetBox":-0.5,"yOffsetBox":-6.5},"14":{"xTexture":494,"yTexture":392,"xSize":5,"ySize":11,"xOffset":-1.5,"yOffset":-9,"hasBox":true,"xSizeBox":2,"ySizeBox":7,"xOffsetBox":0.5,"yOffsetBox":-7},"15":{"xTexture":504,"yTexture":392,"xSize":7,"ySize":9,"xOffset":-3.5,"yOffset":-8,"hasBox":true,"xSizeBox":4,"ySizeBox":5,"xOffsetBox":-2.5,"yOffsetBox":-6},"16":{"xTexture":516,"yTexture":392,"xSize":6,"ySize":10,"xOffset":-3.5,"yOffset":-8.5,"hasBox":true,"xSizeBox":3,"ySizeBox":6,"xOffsetBox":-2.5,"yOffsetBox":-6.5},"17":{"xTexture":527,"yTexture":392,"xSize":5,"ySize":11,"xOffset":-3.5,"yOffset":-9,"hasBox":true,"xSizeBox":2,"ySizeBox":7,"xOffsetBox":-2.5,"yOffsetBox":-7},"18":{"xTexture":537,"yTexture":392,"xSize":9,"ySize":8,"xOffset":-4.5,"yOffset":-7,"hasBox":true,"xSizeBox":5,"ySizeBox":4,"xOffsetBox":-2.5,"yOffsetBox":-6},"19":{"xTexture":551,"yTexture":392,"xSize":10,"ySize":8,"xOffset":-5,"yOffset":-7,"hasBox":true,"xSizeBox":6,"ySizeBox":3,"xOffsetBox":-3,"yOffsetBox":-6},"20":{"xTexture":566,"yTexture":392,"xSize":11,"ySize":8,"xOffset":-5.5,"yOffset":-7,"hasBox":true,"xSizeBox":7,"ySizeBox":2,"xOffsetBox":-3.5,"yOffsetBox":-6}},"Assets/Graphics/game.png 585 405":{"0":{"xTexture":589,"yTexture":409,"xSize":1,"ySize":1,"xOffset":-0.5,"yOffset":-0.5,"hasBox":false,"xSizeBox":0,"ySizeBox":0,"xOffsetBox":0,"yOffsetBox":0},"1":{"xTexture":595,"yTexture":409,"xSize":7,"ySize":15,"xOffset":-7,"yOffset":-1,"hasBox":true,"xSizeBox":4,"ySizeBox":11,"xOffsetBox":-5,"yOffsetBox":1},"2":{"xTexture":607,"yTexture":409,"xSize":8,"ySize":14,"xOffset":-8,"yOffset":-1,"hasBox":true,"xSizeBox":5,"ySizeBox":10,"xOffsetBox":-6,"yOffsetBox":1},"3":{"xTexture":620,"yTexture":409,"xSize":9,"ySize":13,"xOffset":-9,"yOffset":-1,"hasBox":true,"xSizeBox":6,"ySizeBox":9,"xOffsetBox":-7,"yOffsetBox":1},"4":{"xTexture":634,"yTexture":409,"xSize":10,"ySize":12,"xOffset":-10,"yOffset":-1,"hasBox":true,"xSizeBox":7,"ySizeBox":8,"xOffsetBox":-8,"yOffsetBox":1},"5":{"xTexture":649,"yTexture":409,"xSize":10,"ySize":12,"xOffset":-10,"yOffset":-1,"hasBox":true,"xSizeBox":7,"ySizeBox":8,"xOffsetBox":-8,"yOffsetBox":1},"6":{"xTexture":664,"yTexture":409,"xSize":9,"ySize":13,"xOffset":-9,"yOffset":-1,"hasBox":true,"xSizeBox":6,"ySizeBox":9,"xOffsetBox":-7,"yOffsetBox":1},"7":{"xTexture":678,"yTexture":409,"xSize":8,"ySize":14,"xOffset":-8,"yOffset":-1,"hasBox":true,"xSizeBox":5,"ySizeBox":10,"xOffsetBox":-6,"yOffsetBox":1},"8":{"xTexture":691,"yTexture":409,"xSize":7,"ySize":15,"xOffset":-7,"yOffset":-1,"hasBox":true,"xSizeBox":4,"ySizeBox":11,"xOffsetBox":-5,"yOffsetBox":1}},"Assets/Graphics/game.png 0 118":{"0":{"xTexture":4,"yTexture":122,"xSize":3,"ySize":6,"xOffset":0,"yOffset":0,"hasBox":false,"xSizeBox":0,"ySizeBox":0,"xOffsetBox":0,"yOffsetBox":0},"1":{"xTexture":12,"yTexture":122,"xSize":2,"ySize":6,"xOffset":0,"yOffset":0,"hasBox":false,"xSizeBox":0,"ySizeBox":0,"xOffsetBox":0,"yOffsetBox":0},"2":{"xTexture":19,"yTexture":122,"xSize":4,"ySize":6,"xOffset":0,"yOffset":0,"hasBox":false,"xSizeBox":0,"ySizeBox":0,"xOffsetBox":0,"yOffsetBox":0},"3":{"xTexture":28,"yTexture":122,"xSize":6,"ySize":6,"xOffset":0,"yOffset":0,"hasBox":false,"xSizeBox":0,"ySizeBox":0,"xOffsetBox":0,"yOffsetBox":0},"4":{"xTexture":39,"yTexture":122,"xSize":6,"ySize":6,"xOffset":0,"yOffset":0,"hasBox":false,"xSizeBox":0,"ySizeBox":0,"xOffsetBox":0,"yOffsetBox":0},"5":{"xTexture":50,"yTexture":122,"xSize":5,"ySize":6,"xOffset":0,"yOffset":0,"hasBox":false,"xSizeBox":0,"ySizeBox":0,"xOffsetBox":0,"yOffsetBox":0},"6":{"xTexture":60,"yTexture":122,"xSize":6,"ySize":6,"xOffset":0,"yOffset":0,"hasBox":false,"xSizeBox":0,"ySizeBox":0,"xOffsetBox":0,"yOffsetBox":0},"7":{"xTexture":71,"yTexture":122,"xSize":2,"ySize":6,"xOffset":0,"yOffset":0,"hasBox":false,"xSizeBox":0,"ySizeBox":0,"xOffsetBox":0,"yOffsetBox":0},"8":{"xTexture":78,"yTexture":122,"xSize":3,"ySize":6,"xOffset":0,"yOffset":0,"hasBox":false,"xSizeBox":0,"ySizeBox":0,"xOffsetBox":0,"yOffsetBox":0},"9":{"xTexture":86,"yTexture":122,"xSize":3,"ySize":6,"xOffset":0,"yOffset":0,"hasBox":false,"xSizeBox":0,"ySizeBox":0,"xOffsetBox":0,"yOffsetBox":0},"10":{"xTexture":94,"yTexture":122,"xSize":4,"ySize":6,"xOffset":0,"yOffset":0,"hasBox":false,"xSizeBox":0,"ySizeBox":0,"xOffsetBox":0,"yOffsetBox":0},"11":{"xTexture":103,"yTexture":122,"xSize":4,"ySize":6,"xOffset":0,"yOffset":0,"hasBox":false,"xSizeBox":0,"ySizeBox":0,"xOffsetBox":0,"yOffsetBox":0},"12":{"xTexture":112,"yTexture":122,"xSize":2,"ySize":6,"xOffset":0,"yOffset":0,"hasBox":false,"xSizeBox":0,"ySizeBox":0,"xOffsetBox":0,"yOffsetBox":0},"13":{"xTexture":119,"yTexture":122,"xSize":4,"ySize":6,"xOffset":0,"yOffset":0,"hasBox":false,"xSizeBox":0,"ySizeBox":0,"xOffsetBox":0,"yOffsetBox":0},"14":{"xTexture":128,"yTexture":122,"xSize":2,"ySize":6,"xOffset":0,"yOffset":0,"hasBox":false,"xSizeBox":0,"ySizeBox":0,"xOffsetBox":0,"yOffsetBox":0},"15":{"xTexture":135,"yTexture":122,"xSize":4,"ySize":6,"xOffset":0,"yOffset":0,"hasBox":false,"xSizeBox":0,"ySizeBox":0,"xOffsetBox":0,"yOffsetBox":0},"16":{"xTexture":144,"yTexture":122,"xSize":4,"ySize":6,"xOffset":0,"yOffset":0,"hasBox":false,"xSizeBox":0,"ySizeBox":0,"xOffsetBox":0,"yOffsetBox":0},"17":{"xTexture":153,"yTexture":122,"xSize":4,"ySize":6,"xOffset":0,"yOffset":0,"hasBox":false,"xSizeBox":0,"ySizeBox":0,"xOffsetBox":0,"yOffsetBox":0},"18":{"xTexture":162,"yTexture":122,"xSize":4,"ySize":6,"xOffset":0,"yOffset":0,"hasBox":false,"xSizeBox":0,"ySizeBox":0,"xOffsetBox":0,"yOffsetBox":0},"19":{"xTexture":171,"yTexture":122,"xSize":4,"ySize":6,"xOffset":0,"yOffset":0,"hasBox":false,"xSizeBox":0,"ySizeBox":0,"xOffsetBox":0,"yOffsetBox":0},"20":{"xTexture":180,"yTexture":122,"xSize":4,"ySize":6,"xOffset":0,"yOffset":0,"hasBox":false,"xSizeBox":0,"ySizeBox":0,"xOffsetBox":0,"yOffsetBox":0},"21":{"xTexture":189,"yTexture":122,"xSize":4,"ySize":6,"xOffset":0,"yOffset":0,"hasBox":false,"xSizeBox":0,"ySizeBox":0,"xOffsetBox":0,"yOffsetBox":0},"22":{"xTexture":4,"yTexture":135,"xSize":4,"ySize":6,"xOffset":0,"yOffset":0,"hasBox":false,"xSizeBox":0,"ySizeBox":0,"xOffsetBox":0,"yOffsetBox":0},"23":{"xTexture":13,"yTexture":135,"xSize":4,"ySize":6,"xOffset":0,"yOffset":0,"hasBox":false,"xSizeBox":0,"ySizeBox":0,"xOffsetBox":0,"yOffsetBox":0},"24":{"xTexture":22,"yTexture":135,"xSize":4,"ySize":6,"xOffset":0,"yOffset":0,"hasBox":false,"xSizeBox":0,"ySizeBox":0,"xOffsetBox":0,"yOffsetBox":0},"25":{"xTexture":31,"yTexture":135,"xSize":4,"ySize":6,"xOffset":0,"yOffset":0,"hasBox":false,"xSizeBox":0,"ySizeBox":0,"xOffsetBox":0,"yOffsetBox":0},"26":{"xTexture":40,"yTexture":135,"xSize":2,"ySize":6,"xOffset":0,"yOffset":0,"hasBox":false,"xSizeBox":0,"ySizeBox":0,"xOffsetBox":0,"yOffsetBox":0},"27":{"xTexture":47,"yTexture":135,"xSize":3,"ySize":6,"xOffset":0,"yOffset":0,"hasBox":false,"xSizeBox":0,"ySizeBox":0,"xOffsetBox":0,"yOffsetBox":0},"28":{"xTexture":55,"yTexture":135,"xSize":4,"ySize":6,"xOffset":0,"yOffset":0,"hasBox":false,"xSizeBox":0,"ySizeBox":0,"xOffsetBox":0,"yOffsetBox":0},"29":{"xTexture":64,"yTexture":135,"xSize":4,"ySize":6,"xOffset":0,"yOffset":0,"hasBox":false,"xSizeBox":0,"ySizeBox":0,"xOffsetBox":0,"yOffsetBox":0},"30":{"xTexture":73,"yTexture":135,"xSize":4,"ySize":6,"xOffset":0,"yOffset":0,"hasBox":false,"xSizeBox":0,"ySizeBox":0,"xOffsetBox":0,"yOffsetBox":0},"31":{"xTexture":82,"yTexture":135,"xSize":4,"ySize":6,"xOffset":0,"yOffset":0,"hasBox":false,"xSizeBox":0,"ySizeBox":0,"xOffsetBox":0,"yOffsetBox":0},"32":{"xTexture":91,"yTexture":135,"xSize":4,"ySize":6,"xOffset":0,"yOffset":0,"hasBox":false,"xSizeBox":0,"ySizeBox":0,"xOffsetBox":0,"yOffsetBox":0},"33":{"xTexture":100,"yTexture":135,"xSize":4,"ySize":6,"xOffset":0,"yOffset":0,"hasBox":false,"xSizeBox":0,"ySizeBox":0,"xOffsetBox":0,"yOffsetBox":0},"34":{"xTexture":109,"yTexture":135,"xSize":4,"ySize":6,"xOffset":0,"yOffset":0,"hasBox":false,"xSizeBox":0,"ySizeBox":0,"xOffsetBox":0,"yOffsetBox":0},"35":{"xTexture":118,"yTexture":135,"xSize":4,"ySize":6,"xOffset":0,"yOffset":0,"hasBox":false,"xSizeBox":0,"ySizeBox":0,"xOffsetBox":0,"yOffsetBox":0},"36":{"xTexture":127,"yTexture":135,"xSize":4,"ySize":6,"xOffset":0,"yOffset":0,"hasBox":false,"xSizeBox":0,"ySizeBox":0,"xOffsetBox":0,"yOffsetBox":0},"37":{"xTexture":136,"yTexture":135,"xSize":4,"ySize":6,"xOffset":0,"yOffset":0,"hasBox":false,"xSizeBox":0,"ySizeBox":0,"xOffsetBox":0,"yOffsetBox":0},"38":{"xTexture":145,"yTexture":135,"xSize":4,"ySize":6,"xOffset":0,"yOffset":0,"hasBox":false,"xSizeBox":0,"ySizeBox":0,"xOffsetBox":0,"yOffsetBox":0},"39":{"xTexture":154,"yTexture":135,"xSize":4,"ySize":6,"xOffset":0,"yOffset":0,"hasBox":false,"xSizeBox":0,"ySizeBox":0,"xOffsetBox":0,"yOffsetBox":0},"40":{"xTexture":163,"yTexture":135,"xSize":4,"ySize":6,"xOffset":0,"yOffset":0,"hasBox":false,"xSizeBox":0,"ySizeBox":0,"xOffsetBox":0,"yOffsetBox":0},"41":{"xTexture":172,"yTexture":135,"xSize":4,"ySize":6,"xOffset":0,"yOffset":0,"hasBox":false,"xSizeBox":0,"ySizeBox":0,"xOffsetBox":0,"yOffsetBox":0},"42":{"xTexture":181,"yTexture":135,"xSize":4,"ySize":6,"xOffset":0,"yOffset":0,"hasBox":false,"xSizeBox":0,"ySizeBox":0,"xOffsetBox":0,"yOffsetBox":0},"43":{"xTexture":190,"yTexture":135,"xSize":4,"ySize":6,"xOffset":0,"yOffset":0,"hasBox":false,"xSizeBox":0,"ySizeBox":0,"xOffsetBox":0,"yOffsetBox":0},"44":{"xTexture":4,"yTexture":148,"xSize":4,"ySize":6,"xOffset":0,"yOffset":0,"hasBox":false,"xSizeBox":0,"ySizeBox":0,"xOffsetBox":0,"yOffsetBox":0},"45":{"xTexture":13,"yTexture":148,"xSize":6,"ySize":6,"xOffset":0,"yOffset":0,"hasBox":false,"xSizeBox":0,"ySizeBox":0,"xOffsetBox":0,"yOffsetBox":0},"46":{"xTexture":24,"yTexture":148,"xSize":4,"ySize":6,"xOffset":0,"yOffset":0,"hasBox":false,"xSizeBox":0,"ySizeBox":0,"xOffsetBox":0,"yOffsetBox":0},"47":{"xTexture":33,"yTexture":148,"xSize":4,"ySize":6,"xOffset":0,"yOffset":0,"hasBox":false,"xSizeBox":0,"ySizeBox":0,"xOffsetBox":0,"yOffsetBox":0},"48":{"xTexture":42,"yTexture":148,"xSize":4,"ySize":6,"xOffset":0,"yOffset":0,"hasBox":false,"xSizeBox":0,"ySizeBox":0,"xOffsetBox":0,"yOffsetBox":0},"49":{"xTexture":51,"yTexture":148,"xSize":4,"ySize":6,"xOffset":0,"yOffset":0,"hasBox":false,"xSizeBox":0,"ySizeBox":0,"xOffsetBox":0,"yOffsetBox":0},"50":{"xTexture":60,"yTexture":148,"xSize":4,"ySize":6,"xOffset":0,"yOffset":0,"hasBox":false,"xSizeBox":0,"ySizeBox":0,"xOffsetBox":0,"yOffsetBox":0},"51":{"xTexture":69,"yTexture":148,"xSize":4,"ySize":6,"xOffset":0,"yOffset":0,"hasBox":false,"xSizeBox":0,"ySizeBox":0,"xOffsetBox":0,"yOffsetBox":0},"52":{"xTexture":78,"yTexture":148,"xSize":4,"ySize":6,"xOffset":0,"yOffset":0,"hasBox":false,"xSizeBox":0,"ySizeBox":0,"xOffsetBox":0,"yOffsetBox":0},"53":{"xTexture":87,"yTexture":148,"xSize":4,"ySize":6,"xOffset":0,"yOffset":0,"hasBox":false,"xSizeBox":0,"ySizeBox":0,"xOffsetBox":0,"yOffsetBox":0},"54":{"xTexture":96,"yTexture":148,"xSize":4,"ySize":6,"xOffset":0,"yOffset":0,"hasBox":false,"xSizeBox":0,"ySizeBox":0,"xOffsetBox":0,"yOffsetBox":0},"55":{"xTexture":105,"yTexture":148,"xSize":6,"ySize":6,"xOffset":0,"yOffset":0,"hasBox":false,"xSizeBox":0,"ySizeBox":0,"xOffsetBox":0,"yOffsetBox":0},"56":{"xTexture":116,"yTexture":148,"xSize":4,"ySize":6,"xOffset":0,"yOffset":0,"hasBox":false,"xSizeBox":0,"ySizeBox":0,"xOffsetBox":0,"yOffsetBox":0},"57":{"xTexture":125,"yTexture":148,"xSize":4,"ySize":6,"xOffset":0,"yOffset":0,"hasBox":false,"xSizeBox":0,"ySizeBox":0,"xOffsetBox":0,"yOffsetBox":0},"58":{"xTexture":134,"yTexture":148,"xSize":4,"ySize":6,"xOffset":0,"yOffset":0,"hasBox":false,"xSizeBox":0,"ySizeBox":0,"xOffsetBox":0,"yOffsetBox":0},"59":{"xTexture":143,"yTexture":148,"xSize":3,"ySize":6,"xOffset":0,"yOffset":0,"hasBox":false,"xSizeBox":0,"ySizeBox":0,"xOffsetBox":0,"yOffsetBox":0},"60":{"xTexture":151,"yTexture":148,"xSize":4,"ySize":6,"xOffset":0,"yOffset":0,"hasBox":false,"xSizeBox":0,"ySizeBox":0,"xOffsetBox":0,"yOffsetBox":0},"61":{"xTexture":160,"yTexture":148,"xSize":3,"ySize":6,"xOffset":0,"yOffset":0,"hasBox":false,"xSizeBox":0,"ySizeBox":0,"xOffsetBox":0,"yOffsetBox":0},"62":{"xTexture":168,"yTexture":148,"xSize":4,"ySize":6,"xOffset":0,"yOffset":0,"hasBox":false,"xSizeBox":0,"ySizeBox":0,"xOffsetBox":0,"yOffsetBox":0},"63":{"xTexture":177,"yTexture":148,"xSize":4,"ySize":6,"xOffset":0,"yOffset":0,"hasBox":false,"xSizeBox":0,"ySizeBox":0,"xOffsetBox":0,"yOffsetBox":0}},"Assets/Graphics/game.png 0 159":{"0":{"xTexture":4,"yTexture":163,"xSize":3,"ySize":6,"xOffset":0,"yOffset":0,"hasBox":false,"xSizeBox":0,"ySizeBox":0,"xOffsetBox":0,"yOffsetBox":0},"1":{"xTexture":12,"yTexture":163,"xSize":2,"ySize":6,"xOffset":0,"yOffset":0,"hasBox":false,"xSizeBox":0,"ySizeBox":0,"xOffsetBox":0,"yOffsetBox":0},"2":{"xTexture":19,"yTexture":163,"xSize":4,"ySize":6,"xOffset":0,"yOffset":0,"hasBox":false,"xSizeBox":0,"ySizeBox":0,"xOffsetBox":0,"yOffsetBox":0},"3":{"xTexture":28,"yTexture":163,"xSize":6,"ySize":6,"xOffset":0,"yOffset":0,"hasBox":false,"xSizeBox":0,"ySizeBox":0,"xOffsetBox":0,"yOffsetBox":0},"4":{"xTexture":39,"yTexture":163,"xSize":6,"ySize":6,"xOffset":0,"yOffset":0,"hasBox":false,"xSizeBox":0,"ySizeBox":0,"xOffsetBox":0,"yOffsetBox":0},"5":{"xTexture":50,"yTexture":163,"xSize":5,"ySize":6,"xOffset":0,"yOffset":0,"hasBox":false,"xSizeBox":0,"ySizeBox":0,"xOffsetBox":0,"yOffsetBox":0},"6":{"xTexture":60,"yTexture":163,"xSize":6,"ySize":6,"xOffset":0,"yOffset":0,"hasBox":false,"xSizeBox":0,"ySizeBox":0,"xOffsetBox":0,"yOffsetBox":0},"7":{"xTexture":71,"yTexture":163,"xSize":2,"ySize":6,"xOffset":0,"yOffset":0,"hasBox":false,"xSizeBox":0,"ySizeBox":0,"xOffsetBox":0,"yOffsetBox":0},"8":{"xTexture":78,"yTexture":163,"xSize":3,"ySize":6,"xOffset":0,"yOffset":0,"hasBox":false,"xSizeBox":0,"ySizeBox":0,"xOffsetBox":0,"yOffsetBox":0},"9":{"xTexture":86,"yTexture":163,"xSize":3,"ySize":6,"xOffset":0,"yOffset":0,"hasBox":false,"xSizeBox":0,"ySizeBox":0,"xOffsetBox":0,"yOffsetBox":0},"10":{"xTexture":94,"yTexture":163,"xSize":4,"ySize":6,"xOffset":0,"yOffset":0,"hasBox":false,"xSizeBox":0,"ySizeBox":0,"xOffsetBox":0,"yOffsetBox":0},"11":{"xTexture":103,"yTexture":163,"xSize":4,"ySize":6,"xOffset":0,"yOffset":0,"hasBox":false,"xSizeBox":0,"ySizeBox":0,"xOffsetBox":0,"yOffsetBox":0},"12":{"xTexture":112,"yTexture":163,"xSize":2,"ySize":6,"xOffset":0,"yOffset":0,"hasBox":false,"xSizeBox":0,"ySizeBox":0,"xOffsetBox":0,"yOffsetBox":0},"13":{"xTexture":119,"yTexture":163,"xSize":4,"ySize":6,"xOffset":0,"yOffset":0,"hasBox":false,"xSizeBox":0,"ySizeBox":0,"xOffsetBox":0,"yOffsetBox":0},"14":{"xTexture":128,"yTexture":163,"xSize":2,"ySize":6,"xOffset":0,"yOffset":0,"hasBox":false,"xSizeBox":0,"ySizeBox":0,"xOffsetBox":0,"yOffsetBox":0},"15":{"xTexture":135,"yTexture":163,"xSize":4,"ySize":6,"xOffset":0,"yOffset":0,"hasBox":false,"xSizeBox":0,"ySizeBox":0,"xOffsetBox":0,"yOffsetBox":0},"16":{"xTexture":144,"yTexture":163,"xSize":4,"ySize":6,"xOffset":0,"yOffset":0,"hasBox":false,"xSizeBox":0,"ySizeBox":0,"xOffsetBox":0,"yOffsetBox":0},"17":{"xTexture":153,"yTexture":163,"xSize":4,"ySize":6,"xOffset":0,"yOffset":0,"hasBox":false,"xSizeBox":0,"ySizeBox":0,"xOffsetBox":0,"yOffsetBox":0},"18":{"xTexture":162,"yTexture":163,"xSize":4,"ySize":6,"xOffset":0,"yOffset":0,"hasBox":false,"xSizeBox":0,"ySizeBox":0,"xOffsetBox":0,"yOffsetBox":0},"19":{"xTexture":171,"yTexture":163,"xSize":4,"ySize":6,"xOffset":0,"yOffset":0,"hasBox":false,"xSizeBox":0,"ySizeBox":0,"xOffsetBox":0,"yOffsetBox":0},"20":{"xTexture":180,"yTexture":163,"xSize":4,"ySize":6,"xOffset":0,"yOffset":0,"hasBox":false,"xSizeBox":0,"ySizeBox":0,"xOffsetBox":0,"yOffsetBox":0},"21":{"xTexture":189,"yTexture":163,"xSize":4,"ySize":6,"xOffset":0,"yOffset":0,"hasBox":false,"xSizeBox":0,"ySizeBox":0,"xOffsetBox":0,"yOffsetBox":0},"22":{"xTexture":4,"yTexture":176,"xSize":4,"ySize":6,"xOffset":0,"yOffset":0,"hasBox":false,"xSizeBox":0,"ySizeBox":0,"xOffsetBox":0,"yOffsetBox":0},"23":{"xTexture":13,"yTexture":176,"xSize":4,"ySize":6,"xOffset":0,"yOffset":0,"hasBox":false,"xSizeBox":0,"ySizeBox":0,"xOffsetBox":0,"yOffsetBox":0},"24":{"xTexture":22,"yTexture":176,"xSize":4,"ySize":6,"xOffset":0,"yOffset":0,"hasBox":false,"xSizeBox":0,"ySizeBox":0,"xOffsetBox":0,"yOffsetBox":0},"25":{"xTexture":31,"yTexture":176,"xSize":4,"ySize":6,"xOffset":0,"yOffset":0,"hasBox":false,"xSizeBox":0,"ySizeBox":0,"xOffsetBox":0,"yOffsetBox":0},"26":{"xTexture":40,"yTexture":176,"xSize":2,"ySize":6,"xOffset":0,"yOffset":0,"hasBox":false,"xSizeBox":0,"ySizeBox":0,"xOffsetBox":0,"yOffsetBox":0},"27":{"xTexture":47,"yTexture":176,"xSize":3,"ySize":6,"xOffset":0,"yOffset":0,"hasBox":false,"xSizeBox":0,"ySizeBox":0,"xOffsetBox":0,"yOffsetBox":0},"28":{"xTexture":55,"yTexture":176,"xSize":4,"ySize":6,"xOffset":0,"yOffset":0,"hasBox":false,"xSizeBox":0,"ySizeBox":0,"xOffsetBox":0,"yOffsetBox":0},"29":{"xTexture":64,"yTexture":176,"xSize":4,"ySize":6,"xOffset":0,"yOffset":0,"hasBox":false,"xSizeBox":0,"ySizeBox":0,"xOffsetBox":0,"yOffsetBox":0},"30":{"xTexture":73,"yTexture":176,"xSize":4,"ySize":6,"xOffset":0,"yOffset":0,"hasBox":false,"xSizeBox":0,"ySizeBox":0,"xOffsetBox":0,"yOffsetBox":0},"31":{"xTexture":82,"yTexture":176,"xSize":4,"ySize":6,"xOffset":0,"yOffset":0,"hasBox":false,"xSizeBox":0,"ySizeBox":0,"xOffsetBox":0,"yOffsetBox":0},"32":{"xTexture":91,"yTexture":176,"xSize":4,"ySize":6,"xOffset":0,"yOffset":0,"hasBox":false,"xSizeBox":0,"ySizeBox":0,"xOffsetBox":0,"yOffsetBox":0},"33":{"xTexture":100,"yTexture":176,"xSize":4,"ySize":6,"xOffset":0,"yOffset":0,"hasBox":false,"xSizeBox":0,"ySizeBox":0,"xOffsetBox":0,"yOffsetBox":0},"34":{"xTexture":109,"yTexture":176,"xSize":4,"ySize":6,"xOffset":0,"yOffset":0,"hasBox":false,"xSizeBox":0,"ySizeBox":0,"xOffsetBox":0,"yOffsetBox":0},"35":{"xTexture":118,"yTexture":176,"xSize":4,"ySize":6,"xOffset":0,"yOffset":0,"hasBox":false,"xSizeBox":0,"ySizeBox":0,"xOffsetBox":0,"yOffsetBox":0},"36":{"xTexture":127,"yTexture":176,"xSize":4,"ySize":6,"xOffset":0,"yOffset":0,"hasBox":false,"xSizeBox":0,"ySizeBox":0,"xOffsetBox":0,"yOffsetBox":0},"37":{"xTexture":136,"yTexture":176,"xSize":4,"ySize":6,"xOffset":0,"yOffset":0,"hasBox":false,"xSizeBox":0,"ySizeBox":0,"xOffsetBox":0,"yOffsetBox":0},"38":{"xTexture":145,"yTexture":176,"xSize":4,"ySize":6,"xOffset":0,"yOffset":0,"hasBox":false,"xSizeBox":0,"ySizeBox":0,"xOffsetBox":0,"yOffsetBox":0},"39":{"xTexture":154,"yTexture":176,"xSize":4,"ySize":6,"xOffset":0,"yOffset":0,"hasBox":false,"xSizeBox":0,"ySizeBox":0,"xOffsetBox":0,"yOffsetBox":0},"40":{"xTexture":163,"yTexture":176,"xSize":4,"ySize":6,"xOffset":0,"yOffset":0,"hasBox":false,"xSizeBox":0,"ySizeBox":0,"xOffsetBox":0,"yOffsetBox":0},"41":{"xTexture":172,"yTexture":176,"xSize":4,"ySize":6,"xOffset":0,"yOffset":0,"hasBox":false,"xSizeBox":0,"ySizeBox":0,"xOffsetBox":0,"yOffsetBox":0},"42":{"xTexture":181,"yTexture":176,"xSize":4,"ySize":6,"xOffset":0,"yOffset":0,"hasBox":false,"xSizeBox":0,"ySizeBox":0,"xOffsetBox":0,"yOffsetBox":0},"43":{"xTexture":190,"yTexture":176,"xSize":4,"ySize":6,"xOffset":0,"yOffset":0,"hasBox":false,"xSizeBox":0,"ySizeBox":0,"xOffsetBox":0,"yOffsetBox":0},"44":{"xTexture":4,"yTexture":189,"xSize":4,"ySize":6,"xOffset":0,"yOffset":0,"hasBox":false,"xSizeBox":0,"ySizeBox":0,"xOffsetBox":0,"yOffsetBox":0},"45":{"xTexture":13,"yTexture":189,"xSize":6,"ySize":6,"xOffset":0,"yOffset":0,"hasBox":false,"xSizeBox":0,"ySizeBox":0,"xOffsetBox":0,"yOffsetBox":0},"46":{"xTexture":24,"yTexture":189,"xSize":4,"ySize":6,"xOffset":0,"yOffset":0,"hasBox":false,"xSizeBox":0,"ySizeBox":0,"xOffsetBox":0,"yOffsetBox":0},"47":{"xTexture":33,"yTexture":189,"xSize":4,"ySize":6,"xOffset":0,"yOffset":0,"hasBox":false,"xSizeBox":0,"ySizeBox":0,"xOffsetBox":0,"yOffsetBox":0},"48":{"xTexture":42,"yTexture":189,"xSize":4,"ySize":6,"xOffset":0,"yOffset":0,"hasBox":false,"xSizeBox":0,"ySizeBox":0,"xOffsetBox":0,"yOffsetBox":0},"49":{"xTexture":51,"yTexture":189,"xSize":4,"ySize":6,"xOffset":0,"yOffset":0,"hasBox":false,"xSizeBox":0,"ySizeBox":0,"xOffsetBox":0,"yOffsetBox":0},"50":{"xTexture":60,"yTexture":189,"xSize":4,"ySize":6,"xOffset":0,"yOffset":0,"hasBox":false,"xSizeBox":0,"ySizeBox":0,"xOffsetBox":0,"yOffsetBox":0},"51":{"xTexture":69,"yTexture":189,"xSize":4,"ySize":6,"xOffset":0,"yOffset":0,"hasBox":false,"xSizeBox":0,"ySizeBox":0,"xOffsetBox":0,"yOffsetBox":0},"52":{"xTexture":78,"yTexture":189,"xSize":4,"ySize":6,"xOffset":0,"yOffset":0,"hasBox":false,"xSizeBox":0,"ySizeBox":0,"xOffsetBox":0,"yOffsetBox":0},"53":{"xTexture":87,"yTexture":189,"xSize":4,"ySize":6,"xOffset":0,"yOffset":0,"hasBox":false,"xSizeBox":0,"ySizeBox":0,"xOffsetBox":0,"yOffsetBox":0},"54":{"xTexture":96,"yTexture":189,"xSize":4,"ySize":6,"xOffset":0,"yOffset":0,"hasBox":false,"xSizeBox":0,"ySizeBox":0,"xOffsetBox":0,"yOffsetBox":0},"55":{"xTexture":105,"yTexture":189,"xSize":6,"ySize":6,"xOffset":0,"yOffset":0,"hasBox":false,"xSizeBox":0,"ySizeBox":0,"xOffsetBox":0,"yOffsetBox":0},"56":{"xTexture":116,"yTexture":189,"xSize":4,"ySize":6,"xOffset":0,"yOffset":0,"hasBox":false,"xSizeBox":0,"ySizeBox":0,"xOffsetBox":0,"yOffsetBox":0},"57":{"xTexture":125,"yTexture":189,"xSize":4,"ySize":6,"xOffset":0,"yOffset":0,"hasBox":false,"xSizeBox":0,"ySizeBox":0,"xOffsetBox":0,"yOffsetBox":0},"58":{"xTexture":134,"yTexture":189,"xSize":4,"ySize":6,"xOffset":0,"yOffset":0,"hasBox":false,"xSizeBox":0,"ySizeBox":0,"xOffsetBox":0,"yOffsetBox":0},"59":{"xTexture":143,"yTexture":189,"xSize":3,"ySize":6,"xOffset":0,"yOffset":0,"hasBox":false,"xSizeBox":0,"ySizeBox":0,"xOffsetBox":0,"yOffsetBox":0},"60":{"xTexture":151,"yTexture":189,"xSize":4,"ySize":6,"xOffset":0,"yOffset":0,"hasBox":false,"xSizeBox":0,"ySizeBox":0,"xOffsetBox":0,"yOffsetBox":0},"61":{"xTexture":160,"yTexture":189,"xSize":3,"ySize":6,"xOffset":0,"yOffset":0,"hasBox":false,"xSizeBox":0,"ySizeBox":0,"xOffsetBox":0,"yOffsetBox":0},"62":{"xTexture":168,"yTexture":189,"xSize":4,"ySize":6,"xOffset":0,"yOffset":0,"hasBox":false,"xSizeBox":0,"ySizeBox":0,"xOffsetBox":0,"yOffsetBox":0},"63":{"xTexture":177,"yTexture":189,"xSize":4,"ySize":6,"xOffset":0,"yOffset":0,"hasBox":false,"xSizeBox":0,"ySizeBox":0,"xOffsetBox":0,"yOffsetBox":0}},"Assets/Graphics/game.png 0 200":{"0":{"xTexture":4,"yTexture":204,"xSize":3,"ySize":6,"xOffset":0,"yOffset":0,"hasBox":false,"xSizeBox":0,"ySizeBox":0,"xOffsetBox":0,"yOffsetBox":0},"1":{"xTexture":12,"yTexture":204,"xSize":2,"ySize":6,"xOffset":0,"yOffset":0,"hasBox":false,"xSizeBox":0,"ySizeBox":0,"xOffsetBox":0,"yOffsetBox":0},"2":{"xTexture":19,"yTexture":204,"xSize":4,"ySize":6,"xOffset":0,"yOffset":0,"hasBox":false,"xSizeBox":0,"ySizeBox":0,"xOffsetBox":0,"yOffsetBox":0},"3":{"xTexture":28,"yTexture":204,"xSize":6,"ySize":6,"xOffset":0,"yOffset":0,"hasBox":false,"xSizeBox":0,"ySizeBox":0,"xOffsetBox":0,"yOffsetBox":0},"4":{"xTexture":39,"yTexture":204,"xSize":6,"ySize":6,"xOffset":0,"yOffset":0,"hasBox":false,"xSizeBox":0,"ySizeBox":0,"xOffsetBox":0,"yOffsetBox":0},"5":{"xTexture":50,"yTexture":204,"xSize":5,"ySize":6,"xOffset":0,"yOffset":0,"hasBox":false,"xSizeBox":0,"ySizeBox":0,"xOffsetBox":0,"yOffsetBox":0},"6":{"xTexture":60,"yTexture":204,"xSize":6,"ySize":6,"xOffset":0,"yOffset":0,"hasBox":false,"xSizeBox":0,"ySizeBox":0,"xOffsetBox":0,"yOffsetBox":0},"7":{"xTexture":71,"yTexture":204,"xSize":2,"ySize":6,"xOffset":0,"yOffset":0,"hasBox":false,"xSizeBox":0,"ySizeBox":0,"xOffsetBox":0,"yOffsetBox":0},"8":{"xTexture":78,"yTexture":204,"xSize":3,"ySize":6,"xOffset":0,"yOffset":0,"hasBox":false,"xSizeBox":0,"ySizeBox":0,"xOffsetBox":0,"yOffsetBox":0},"9":{"xTexture":86,"yTexture":204,"xSize":3,"ySize":6,"xOffset":0,"yOffset":0,"hasBox":false,"xSizeBox":0,"ySizeBox":0,"xOffsetBox":0,"yOffsetBox":0},"10":{"xTexture":94,"yTexture":204,"xSize":4,"ySize":6,"xOffset":0,"yOffset":0,"hasBox":false,"xSizeBox":0,"ySizeBox":0,"xOffsetBox":0,"yOffsetBox":0},"11":{"xTexture":103,"yTexture":204,"xSize":4,"ySize":6,"xOffset":0,"yOffset":0,"hasBox":false,"xSizeBox":0,"ySizeBox":0,"xOffsetBox":0,"yOffsetBox":0},"12":{"xTexture":112,"yTexture":204,"xSize":2,"ySize":6,"xOffset":0,"yOffset":0,"hasBox":false,"xSizeBox":0,"ySizeBox":0,"xOffsetBox":0,"yOffsetBox":0},"13":{"xTexture":119,"yTexture":204,"xSize":4,"ySize":6,"xOffset":0,"yOffset":0,"hasBox":false,"xSizeBox":0,"ySizeBox":0,"xOffsetBox":0,"yOffsetBox":0},"14":{"xTexture":128,"yTexture":204,"xSize":2,"ySize":6,"xOffset":0,"yOffset":0,"hasBox":false,"xSizeBox":0,"ySizeBox":0,"xOffsetBox":0,"yOffsetBox":0},"15":{"xTexture":135,"yTexture":204,"xSize":4,"ySize":6,"xOffset":0,"yOffset":0,"hasBox":false,"xSizeBox":0,"ySizeBox":0,"xOffsetBox":0,"yOffsetBox":0},"16":{"xTexture":144,"yTexture":204,"xSize":4,"ySize":6,"xOffset":0,"yOffset":0,"hasBox":false,"xSizeBox":0,"ySizeBox":0,"xOffsetBox":0,"yOffsetBox":0},"17":{"xTexture":153,"yTexture":204,"xSize":4,"ySize":6,"xOffset":0,"yOffset":0,"hasBox":false,"xSizeBox":0,"ySizeBox":0,"xOffsetBox":0,"yOffsetBox":0},"18":{"xTexture":162,"yTexture":204,"xSize":4,"ySize":6,"xOffset":0,"yOffset":0,"hasBox":false,"xSizeBox":0,"ySizeBox":0,"xOffsetBox":0,"yOffsetBox":0},"19":{"xTexture":171,"yTexture":204,"xSize":4,"ySize":6,"xOffset":0,"yOffset":0,"hasBox":false,"xSizeBox":0,"ySizeBox":0,"xOffsetBox":0,"yOffsetBox":0},"20":{"xTexture":180,"yTexture":204,"xSize":4,"ySize":6,"xOffset":0,"yOffset":0,"hasBox":false,"xSizeBox":0,"ySizeBox":0,"xOffsetBox":0,"yOffsetBox":0},"21":{"xTexture":189,"yTexture":204,"xSize":4,"ySize":6,"xOffset":0,"yOffset":0,"hasBox":false,"xSizeBox":0,"ySizeBox":0,"xOffsetBox":0,"yOffsetBox":0},"22":{"xTexture":4,"yTexture":217,"xSize":4,"ySize":6,"xOffset":0,"yOffset":0,"hasBox":false,"xSizeBox":0,"ySizeBox":0,"xOffsetBox":0,"yOffsetBox":0},"23":{"xTexture":13,"yTexture":217,"xSize":4,"ySize":6,"xOffset":0,"yOffset":0,"hasBox":false,"xSizeBox":0,"ySizeBox":0,"xOffsetBox":0,"yOffsetBox":0},"24":{"xTexture":22,"yTexture":217,"xSize":4,"ySize":6,"xOffset":0,"yOffset":0,"hasBox":false,"xSizeBox":0,"ySizeBox":0,"xOffsetBox":0,"yOffsetBox":0},"25":{"xTexture":31,"yTexture":217,"xSize":4,"ySize":6,"xOffset":0,"yOffset":0,"hasBox":false,"xSizeBox":0,"ySizeBox":0,"xOffsetBox":0,"yOffsetBox":0},"26":{"xTexture":40,"yTexture":217,"xSize":2,"ySize":6,"xOffset":0,"yOffset":0,"hasBox":false,"xSizeBox":0,"ySizeBox":0,"xOffsetBox":0,"yOffsetBox":0},"27":{"xTexture":47,"yTexture":217,"xSize":3,"ySize":6,"xOffset":0,"yOffset":0,"hasBox":false,"xSizeBox":0,"ySizeBox":0,"xOffsetBox":0,"yOffsetBox":0},"28":{"xTexture":55,"yTexture":217,"xSize":4,"ySize":6,"xOffset":0,"yOffset":0,"hasBox":false,"xSizeBox":0,"ySizeBox":0,"xOffsetBox":0,"yOffsetBox":0},"29":{"xTexture":64,"yTexture":217,"xSize":4,"ySize":6,"xOffset":0,"yOffset":0,"hasBox":false,"xSizeBox":0,"ySizeBox":0,"xOffsetBox":0,"yOffsetBox":0},"30":{"xTexture":73,"yTexture":217,"xSize":4,"ySize":6,"xOffset":0,"yOffset":0,"hasBox":false,"xSizeBox":0,"ySizeBox":0,"xOffsetBox":0,"yOffsetBox":0},"31":{"xTexture":82,"yTexture":217,"xSize":4,"ySize":6,"xOffset":0,"yOffset":0,"hasBox":false,"xSizeBox":0,"ySizeBox":0,"xOffsetBox":0,"yOffsetBox":0},"32":{"xTexture":91,"yTexture":217,"xSize":4,"ySize":6,"xOffset":0,"yOffset":0,"hasBox":false,"xSizeBox":0,"ySizeBox":0,"xOffsetBox":0,"yOffsetBox":0},"33":{"xTexture":100,"yTexture":217,"xSize":4,"ySize":6,"xOffset":0,"yOffset":0,"hasBox":false,"xSizeBox":0,"ySizeBox":0,"xOffsetBox":0,"yOffsetBox":0},"34":{"xTexture":109,"yTexture":217,"xSize":4,"ySize":6,"xOffset":0,"yOffset":0,"hasBox":false,"xSizeBox":0,"ySizeBox":0,"xOffsetBox":0,"yOffsetBox":0},"35":{"xTexture":118,"yTexture":217,"xSize":4,"ySize":6,"xOffset":0,"yOffset":0,"hasBox":false,"xSizeBox":0,"ySizeBox":0,"xOffsetBox":0,"yOffsetBox":0},"36":{"xTexture":127,"yTexture":217,"xSize":4,"ySize":6,"xOffset":0,"yOffset":0,"hasBox":false,"xSizeBox":0,"ySizeBox":0,"xOffsetBox":0,"yOffsetBox":0},"37":{"xTexture":136,"yTexture":217,"xSize":4,"ySize":6,"xOffset":0,"yOffset":0,"hasBox":false,"xSizeBox":0,"ySizeBox":0,"xOffsetBox":0,"yOffsetBox":0},"38":{"xTexture":145,"yTexture":217,"xSize":4,"ySize":6,"xOffset":0,"yOffset":0,"hasBox":false,"xSizeBox":0,"ySizeBox":0,"xOffsetBox":0,"yOffsetBox":0},"39":{"xTexture":154,"yTexture":217,"xSize":4,"ySize":6,"xOffset":0,"yOffset":0,"hasBox":false,"xSizeBox":0,"ySizeBox":0,"xOffsetBox":0,"yOffsetBox":0},"40":{"xTexture":163,"yTexture":217,"xSize":4,"ySize":6,"xOffset":0,"yOffset":0,"hasBox":false,"xSizeBox":0,"ySizeBox":0,"xOffsetBox":0,"yOffsetBox":0},"41":{"xTexture":172,"yTexture":217,"xSize":4,"ySize":6,"xOffset":0,"yOffset":0,"hasBox":false,"xSizeBox":0,"ySizeBox":0,"xOffsetBox":0,"yOffsetBox":0},"42":{"xTexture":181,"yTexture":217,"xSize":4,"ySize":6,"xOffset":0,"yOffset":0,"hasBox":false,"xSizeBox":0,"ySizeBox":0,"xOffsetBox":0,"yOffsetBox":0},"43":{"xTexture":190,"yTexture":217,"xSize":4,"ySize":6,"xOffset":0,"yOffset":0,"hasBox":false,"xSizeBox":0,"ySizeBox":0,"xOffsetBox":0,"yOffsetBox":0},"44":{"xTexture":4,"yTexture":230,"xSize":4,"ySize":6,"xOffset":0,"yOffset":0,"hasBox":false,"xSizeBox":0,"ySizeBox":0,"xOffsetBox":0,"yOffsetBox":0},"45":{"xTexture":13,"yTexture":230,"xSize":6,"ySize":6,"xOffset":0,"yOffset":0,"hasBox":false,"xSizeBox":0,"ySizeBox":0,"xOffsetBox":0,"yOffsetBox":0},"46":{"xTexture":24,"yTexture":230,"xSize":4,"ySize":6,"xOffset":0,"yOffset":0,"hasBox":false,"xSizeBox":0,"ySizeBox":0,"xOffsetBox":0,"yOffsetBox":0},"47":{"xTexture":33,"yTexture":230,"xSize":4,"ySize":6,"xOffset":0,"yOffset":0,"hasBox":false,"xSizeBox":0,"ySizeBox":0,"xOffsetBox":0,"yOffsetBox":0},"48":{"xTexture":42,"yTexture":230,"xSize":4,"ySize":6,"xOffset":0,"yOffset":0,"hasBox":false,"xSizeBox":0,"ySizeBox":0,"xOffsetBox":0,"yOffsetBox":0},"49":{"xTexture":51,"yTexture":230,"xSize":4,"ySize":6,"xOffset":0,"yOffset":0,"hasBox":false,"xSizeBox":0,"ySizeBox":0,"xOffsetBox":0,"yOffsetBox":0},"50":{"xTexture":60,"yTexture":230,"xSize":4,"ySize":6,"xOffset":0,"yOffset":0,"hasBox":false,"xSizeBox":0,"ySizeBox":0,"xOffsetBox":0,"yOffsetBox":0},"51":{"xTexture":69,"yTexture":230,"xSize":4,"ySize":6,"xOffset":0,"yOffset":0,"hasBox":false,"xSizeBox":0,"ySizeBox":0,"xOffsetBox":0,"yOffsetBox":0},"52":{"xTexture":78,"yTexture":230,"xSize":4,"ySize":6,"xOffset":0,"yOffset":0,"hasBox":false,"xSizeBox":0,"ySizeBox":0,"xOffsetBox":0,"yOffsetBox":0},"53":{"xTexture":87,"yTexture":230,"xSize":4,"ySize":6,"xOffset":0,"yOffset":0,"hasBox":false,"xSizeBox":0,"ySizeBox":0,"xOffsetBox":0,"yOffsetBox":0},"54":{"xTexture":96,"yTexture":230,"xSize":4,"ySize":6,"xOffset":0,"yOffset":0,"hasBox":false,"xSizeBox":0,"ySizeBox":0,"xOffsetBox":0,"yOffsetBox":0},"55":{"xTexture":105,"yTexture":230,"xSize":6,"ySize":6,"xOffset":0,"yOffset":0,"hasBox":false,"xSizeBox":0,"ySizeBox":0,"xOffsetBox":0,"yOffsetBox":0},"56":{"xTexture":116,"yTexture":230,"xSize":4,"ySize":6,"xOffset":0,"yOffset":0,"hasBox":false,"xSizeBox":0,"ySizeBox":0,"xOffsetBox":0,"yOffsetBox":0},"57":{"xTexture":125,"yTexture":230,"xSize":4,"ySize":6,"xOffset":0,"yOffset":0,"hasBox":false,"xSizeBox":0,"ySizeBox":0,"xOffsetBox":0,"yOffsetBox":0},"58":{"xTexture":134,"yTexture":230,"xSize":4,"ySize":6,"xOffset":0,"yOffset":0,"hasBox":false,"xSizeBox":0,"ySizeBox":0,"xOffsetBox":0,"yOffsetBox":0},"59":{"xTexture":143,"yTexture":230,"xSize":3,"ySize":6,"xOffset":0,"yOffset":0,"hasBox":false,"xSizeBox":0,"ySizeBox":0,"xOffsetBox":0,"yOffsetBox":0},"60":{"xTexture":151,"yTexture":230,"xSize":4,"ySize":6,"xOffset":0,"yOffset":0,"hasBox":false,"xSizeBox":0,"ySizeBox":0,"xOffsetBox":0,"yOffsetBox":0},"61":{"xTexture":160,"yTexture":230,"xSize":3,"ySize":6,"xOffset":0,"yOffset":0,"hasBox":false,"xSizeBox":0,"ySizeBox":0,"xOffsetBox":0,"yOffsetBox":0},"62":{"xTexture":168,"yTexture":230,"xSize":4,"ySize":6,"xOffset":0,"yOffset":0,"hasBox":false,"xSizeBox":0,"ySizeBox":0,"xOffsetBox":0,"yOffsetBox":0},"63":{"xTexture":177,"yTexture":230,"xSize":4,"ySize":6,"xOffset":0,"yOffset":0,"hasBox":false,"xSizeBox":0,"ySizeBox":0,"xOffsetBox":0,"yOffsetBox":0}},"Assets/Graphics/game.png 0 241":{"0":{"xTexture":4,"yTexture":245,"xSize":3,"ySize":6,"xOffset":0,"yOffset":0,"hasBox":false,"xSizeBox":0,"ySizeBox":0,"xOffsetBox":0,"yOffsetBox":0},"1":{"xTexture":12,"yTexture":245,"xSize":2,"ySize":6,"xOffset":0,"yOffset":0,"hasBox":false,"xSizeBox":0,"ySizeBox":0,"xOffsetBox":0,"yOffsetBox":0},"2":{"xTexture":19,"yTexture":245,"xSize":4,"ySize":6,"xOffset":0,"yOffset":0,"hasBox":false,"xSizeBox":0,"ySizeBox":0,"xOffsetBox":0,"yOffsetBox":0},"3":{"xTexture":28,"yTexture":245,"xSize":6,"ySize":6,"xOffset":0,"yOffset":0,"hasBox":false,"xSizeBox":0,"ySizeBox":0,"xOffsetBox":0,"yOffsetBox":0},"4":{"xTexture":39,"yTexture":245,"xSize":6,"ySize":6,"xOffset":0,"yOffset":0,"hasBox":false,"xSizeBox":0,"ySizeBox":0,"xOffsetBox":0,"yOffsetBox":0},"5":{"xTexture":50,"yTexture":245,"xSize":5,"ySize":6,"xOffset":0,"yOffset":0,"hasBox":false,"xSizeBox":0,"ySizeBox":0,"xOffsetBox":0,"yOffsetBox":0},"6":{"xTexture":60,"yTexture":245,"xSize":6,"ySize":6,"xOffset":0,"yOffset":0,"hasBox":false,"xSizeBox":0,"ySizeBox":0,"xOffsetBox":0,"yOffsetBox":0},"7":{"xTexture":71,"yTexture":245,"xSize":2,"ySize":6,"xOffset":0,"yOffset":0,"hasBox":false,"xSizeBox":0,"ySizeBox":0,"xOffsetBox":0,"yOffsetBox":0},"8":{"xTexture":78,"yTexture":245,"xSize":3,"ySize":6,"xOffset":0,"yOffset":0,"hasBox":false,"xSizeBox":0,"ySizeBox":0,"xOffsetBox":0,"yOffsetBox":0},"9":{"xTexture":86,"yTexture":245,"xSize":3,"ySize":6,"xOffset":0,"yOffset":0,"hasBox":false,"xSizeBox":0,"ySizeBox":0,"xOffsetBox":0,"yOffsetBox":0},"10":{"xTexture":94,"yTexture":245,"xSize":4,"ySize":6,"xOffset":0,"yOffset":0,"hasBox":false,"xSizeBox":0,"ySizeBox":0,"xOffsetBox":0,"yOffsetBox":0},"11":{"xTexture":103,"yTexture":245,"xSize":4,"ySize":6,"xOffset":0,"yOffset":0,"hasBox":false,"xSizeBox":0,"ySizeBox":0,"xOffsetBox":0,"yOffsetBox":0},"12":{"xTexture":112,"yTexture":245,"xSize":2,"ySize":6,"xOffset":0,"yOffset":0,"hasBox":false,"xSizeBox":0,"ySizeBox":0,"xOffsetBox":0,"yOffsetBox":0},"13":{"xTexture":119,"yTexture":245,"xSize":4,"ySize":6,"xOffset":0,"yOffset":0,"hasBox":false,"xSizeBox":0,"ySizeBox":0,"xOffsetBox":0,"yOffsetBox":0},"14":{"xTexture":128,"yTexture":245,"xSize":2,"ySize":6,"xOffset":0,"yOffset":0,"hasBox":false,"xSizeBox":0,"ySizeBox":0,"xOffsetBox":0,"yOffsetBox":0},"15":{"xTexture":135,"yTexture":245,"xSize":4,"ySize":6,"xOffset":0,"yOffset":0,"hasBox":false,"xSizeBox":0,"ySizeBox":0,"xOffsetBox":0,"yOffsetBox":0},"16":{"xTexture":144,"yTexture":245,"xSize":4,"ySize":6,"xOffset":0,"yOffset":0,"hasBox":false,"xSizeBox":0,"ySizeBox":0,"xOffsetBox":0,"yOffsetBox":0},"17":{"xTexture":153,"yTexture":245,"xSize":4,"ySize":6,"xOffset":0,"yOffset":0,"hasBox":false,"xSizeBox":0,"ySizeBox":0,"xOffsetBox":0,"yOffsetBox":0},"18":{"xTexture":162,"yTexture":245,"xSize":4,"ySize":6,"xOffset":0,"yOffset":0,"hasBox":false,"xSizeBox":0,"ySizeBox":0,"xOffsetBox":0,"yOffsetBox":0},"19":{"xTexture":171,"yTexture":245,"xSize":4,"ySize":6,"xOffset":0,"yOffset":0,"hasBox":false,"xSizeBox":0,"ySizeBox":0,"xOffsetBox":0,"yOffsetBox":0},"20":{"xTexture":180,"yTexture":245,"xSize":4,"ySize":6,"xOffset":0,"yOffset":0,"hasBox":false,"xSizeBox":0,"ySizeBox":0,"xOffsetBox":0,"yOffsetBox":0},"21":{"xTexture":189,"yTexture":245,"xSize":4,"ySize":6,"xOffset":0,"yOffset":0,"hasBox":false,"xSizeBox":0,"ySizeBox":0,"xOffsetBox":0,"yOffsetBox":0},"22":{"xTexture":4,"yTexture":258,"xSize":4,"ySize":6,"xOffset":0,"yOffset":0,"hasBox":false,"xSizeBox":0,"ySizeBox":0,"xOffsetBox":0,"yOffsetBox":0},"23":{"xTexture":13,"yTexture":258,"xSize":4,"ySize":6,"xOffset":0,"yOffset":0,"hasBox":false,"xSizeBox":0,"ySizeBox":0,"xOffsetBox":0,"yOffsetBox":0},"24":{"xTexture":22,"yTexture":258,"xSize":4,"ySize":6,"xOffset":0,"yOffset":0,"hasBox":false,"xSizeBox":0,"ySizeBox":0,"xOffsetBox":0,"yOffsetBox":0},"25":{"xTexture":31,"yTexture":258,"xSize":4,"ySize":6,"xOffset":0,"yOffset":0,"hasBox":false,"xSizeBox":0,"ySizeBox":0,"xOffsetBox":0,"yOffsetBox":0},"26":{"xTexture":40,"yTexture":258,"xSize":2,"ySize":6,"xOffset":0,"yOffset":0,"hasBox":false,"xSizeBox":0,"ySizeBox":0,"xOffsetBox":0,"yOffsetBox":0},"27":{"xTexture":47,"yTexture":258,"xSize":3,"ySize":6,"xOffset":0,"yOffset":0,"hasBox":false,"xSizeBox":0,"ySizeBox":0,"xOffsetBox":0,"yOffsetBox":0},"28":{"xTexture":55,"yTexture":258,"xSize":4,"ySize":6,"xOffset":0,"yOffset":0,"hasBox":false,"xSizeBox":0,"ySizeBox":0,"xOffsetBox":0,"yOffsetBox":0},"29":{"xTexture":64,"yTexture":258,"xSize":4,"ySize":6,"xOffset":0,"yOffset":0,"hasBox":false,"xSizeBox":0,"ySizeBox":0,"xOffsetBox":0,"yOffsetBox":0},"30":{"xTexture":73,"yTexture":258,"xSize":4,"ySize":6,"xOffset":0,"yOffset":0,"hasBox":false,"xSizeBox":0,"ySizeBox":0,"xOffsetBox":0,"yOffsetBox":0},"31":{"xTexture":82,"yTexture":258,"xSize":4,"ySize":6,"xOffset":0,"yOffset":0,"hasBox":false,"xSizeBox":0,"ySizeBox":0,"xOffsetBox":0,"yOffsetBox":0},"32":{"xTexture":91,"yTexture":258,"xSize":4,"ySize":6,"xOffset":0,"yOffset":0,"hasBox":false,"xSizeBox":0,"ySizeBox":0,"xOffsetBox":0,"yOffsetBox":0},"33":{"xTexture":100,"yTexture":258,"xSize":4,"ySize":6,"xOffset":0,"yOffset":0,"hasBox":false,"xSizeBox":0,"ySizeBox":0,"xOffsetBox":0,"yOffsetBox":0},"34":{"xTexture":109,"yTexture":258,"xSize":4,"ySize":6,"xOffset":0,"yOffset":0,"hasBox":false,"xSizeBox":0,"ySizeBox":0,"xOffsetBox":0,"yOffsetBox":0},"35":{"xTexture":118,"yTexture":258,"xSize":4,"ySize":6,"xOffset":0,"yOffset":0,"hasBox":false,"xSizeBox":0,"ySizeBox":0,"xOffsetBox":0,"yOffsetBox":0},"36":{"xTexture":127,"yTexture":258,"xSize":4,"ySize":6,"xOffset":0,"yOffset":0,"hasBox":false,"xSizeBox":0,"ySizeBox":0,"xOffsetBox":0,"yOffsetBox":0},"37":{"xTexture":136,"yTexture":258,"xSize":4,"ySize":6,"xOffset":0,"yOffset":0,"hasBox":false,"xSizeBox":0,"ySizeBox":0,"xOffsetBox":0,"yOffsetBox":0},"38":{"xTexture":145,"yTexture":258,"xSize":4,"ySize":6,"xOffset":0,"yOffset":0,"hasBox":false,"xSizeBox":0,"ySizeBox":0,"xOffsetBox":0,"yOffsetBox":0},"39":{"xTexture":154,"yTexture":258,"xSize":4,"ySize":6,"xOffset":0,"yOffset":0,"hasBox":false,"xSizeBox":0,"ySizeBox":0,"xOffsetBox":0,"yOffsetBox":0},"40":{"xTexture":163,"yTexture":258,"xSize":4,"ySize":6,"xOffset":0,"yOffset":0,"hasBox":false,"xSizeBox":0,"ySizeBox":0,"xOffsetBox":0,"yOffsetBox":0},"41":{"xTexture":172,"yTexture":258,"xSize":4,"ySize":6,"xOffset":0,"yOffset":0,"hasBox":false,"xSizeBox":0,"ySizeBox":0,"xOffsetBox":0,"yOffsetBox":0},"42":{"xTexture":181,"yTexture":258,"xSize":4,"ySize":6,"xOffset":0,"yOffset":0,"hasBox":false,"xSizeBox":0,"ySizeBox":0,"xOffsetBox":0,"yOffsetBox":0},"43":{"xTexture":190,"yTexture":258,"xSize":4,"ySize":6,"xOffset":0,"yOffset":0,"hasBox":false,"xSizeBox":0,"ySizeBox":0,"xOffsetBox":0,"yOffsetBox":0},"44":{"xTexture":4,"yTexture":271,"xSize":4,"ySize":6,"xOffset":0,"yOffset":0,"hasBox":false,"xSizeBox":0,"ySizeBox":0,"xOffsetBox":0,"yOffsetBox":0},"45":{"xTexture":13,"yTexture":271,"xSize":6,"ySize":6,"xOffset":0,"yOffset":0,"hasBox":false,"xSizeBox":0,"ySizeBox":0,"xOffsetBox":0,"yOffsetBox":0},"46":{"xTexture":24,"yTexture":271,"xSize":4,"ySize":6,"xOffset":0,"yOffset":0,"hasBox":false,"xSizeBox":0,"ySizeBox":0,"xOffsetBox":0,"yOffsetBox":0},"47":{"xTexture":33,"yTexture":271,"xSize":4,"ySize":6,"xOffset":0,"yOffset":0,"hasBox":false,"xSizeBox":0,"ySizeBox":0,"xOffsetBox":0,"yOffsetBox":0},"48":{"xTexture":42,"yTexture":271,"xSize":4,"ySize":6,"xOffset":0,"yOffset":0,"hasBox":false,"xSizeBox":0,"ySizeBox":0,"xOffsetBox":0,"yOffsetBox":0},"49":{"xTexture":51,"yTexture":271,"xSize":4,"ySize":6,"xOffset":0,"yOffset":0,"hasBox":false,"xSizeBox":0,"ySizeBox":0,"xOffsetBox":0,"yOffsetBox":0},"50":{"xTexture":60,"yTexture":271,"xSize":4,"ySize":6,"xOffset":0,"yOffset":0,"hasBox":false,"xSizeBox":0,"ySizeBox":0,"xOffsetBox":0,"yOffsetBox":0},"51":{"xTexture":69,"yTexture":271,"xSize":4,"ySize":6,"xOffset":0,"yOffset":0,"hasBox":false,"xSizeBox":0,"ySizeBox":0,"xOffsetBox":0,"yOffsetBox":0},"52":{"xTexture":78,"yTexture":271,"xSize":4,"ySize":6,"xOffset":0,"yOffset":0,"hasBox":false,"xSizeBox":0,"ySizeBox":0,"xOffsetBox":0,"yOffsetBox":0},"53":{"xTexture":87,"yTexture":271,"xSize":4,"ySize":6,"xOffset":0,"yOffset":0,"hasBox":false,"xSizeBox":0,"ySizeBox":0,"xOffsetBox":0,"yOffsetBox":0},"54":{"xTexture":96,"yTexture":271,"xSize":4,"ySize":6,"xOffset":0,"yOffset":0,"hasBox":false,"xSizeBox":0,"ySizeBox":0,"xOffsetBox":0,"yOffsetBox":0},"55":{"xTexture":105,"yTexture":271,"xSize":6,"ySize":6,"xOffset":0,"yOffset":0,"hasBox":false,"xSizeBox":0,"ySizeBox":0,"xOffsetBox":0,"yOffsetBox":0},"56":{"xTexture":116,"yTexture":271,"xSize":4,"ySize":6,"xOffset":0,"yOffset":0,"hasBox":false,"xSizeBox":0,"ySizeBox":0,"xOffsetBox":0,"yOffsetBox":0},"57":{"xTexture":125,"yTexture":271,"xSize":4,"ySize":6,"xOffset":0,"yOffset":0,"hasBox":false,"xSizeBox":0,"ySizeBox":0,"xOffsetBox":0,"yOffsetBox":0},"58":{"xTexture":134,"yTexture":271,"xSize":4,"ySize":6,"xOffset":0,"yOffset":0,"hasBox":false,"xSizeBox":0,"ySizeBox":0,"xOffsetBox":0,"yOffsetBox":0},"59":{"xTexture":143,"yTexture":271,"xSize":3,"ySize":6,"xOffset":0,"yOffset":0,"hasBox":false,"xSizeBox":0,"ySizeBox":0,"xOffsetBox":0,"yOffsetBox":0},"60":{"xTexture":151,"yTexture":271,"xSize":4,"ySize":6,"xOffset":0,"yOffset":0,"hasBox":false,"xSizeBox":0,"ySizeBox":0,"xOffsetBox":0,"yOffsetBox":0},"61":{"xTexture":160,"yTexture":271,"xSize":3,"ySize":6,"xOffset":0,"yOffset":0,"hasBox":false,"xSizeBox":0,"ySizeBox":0,"xOffsetBox":0,"yOffsetBox":0},"62":{"xTexture":168,"yTexture":271,"xSize":4,"ySize":6,"xOffset":0,"yOffset":0,"hasBox":false,"xSizeBox":0,"ySizeBox":0,"xOffsetBox":0,"yOffsetBox":0},"63":{"xTexture":177,"yTexture":271,"xSize":4,"ySize":6,"xOffset":0,"yOffset":0,"hasBox":false,"xSizeBox":0,"ySizeBox":0,"xOffsetBox":0,"yOffsetBox":0}},"Assets/Graphics/game.png 0 282":{"0":{"xTexture":4,"yTexture":286,"xSize":3,"ySize":6,"xOffset":0,"yOffset":0,"hasBox":false,"xSizeBox":0,"ySizeBox":0,"xOffsetBox":0,"yOffsetBox":0},"1":{"xTexture":12,"yTexture":286,"xSize":2,"ySize":6,"xOffset":0,"yOffset":0,"hasBox":false,"xSizeBox":0,"ySizeBox":0,"xOffsetBox":0,"yOffsetBox":0},"2":{"xTexture":19,"yTexture":286,"xSize":4,"ySize":6,"xOffset":0,"yOffset":0,"hasBox":false,"xSizeBox":0,"ySizeBox":0,"xOffsetBox":0,"yOffsetBox":0},"3":{"xTexture":28,"yTexture":286,"xSize":6,"ySize":6,"xOffset":0,"yOffset":0,"hasBox":false,"xSizeBox":0,"ySizeBox":0,"xOffsetBox":0,"yOffsetBox":0},"4":{"xTexture":39,"yTexture":286,"xSize":6,"ySize":6,"xOffset":0,"yOffset":0,"hasBox":false,"xSizeBox":0,"ySizeBox":0,"xOffsetBox":0,"yOffsetBox":0},"5":{"xTexture":50,"yTexture":286,"xSize":5,"ySize":6,"xOffset":0,"yOffset":0,"hasBox":false,"xSizeBox":0,"ySizeBox":0,"xOffsetBox":0,"yOffsetBox":0},"6":{"xTexture":60,"yTexture":286,"xSize":6,"ySize":6,"xOffset":0,"yOffset":0,"hasBox":false,"xSizeBox":0,"ySizeBox":0,"xOffsetBox":0,"yOffsetBox":0},"7":{"xTexture":71,"yTexture":286,"xSize":2,"ySize":6,"xOffset":0,"yOffset":0,"hasBox":false,"xSizeBox":0,"ySizeBox":0,"xOffsetBox":0,"yOffsetBox":0},"8":{"xTexture":78,"yTexture":286,"xSize":3,"ySize":6,"xOffset":0,"yOffset":0,"hasBox":false,"xSizeBox":0,"ySizeBox":0,"xOffsetBox":0,"yOffsetBox":0},"9":{"xTexture":86,"yTexture":286,"xSize":3,"ySize":6,"xOffset":0,"yOffset":0,"hasBox":false,"xSizeBox":0,"ySizeBox":0,"xOffsetBox":0,"yOffsetBox":0},"10":{"xTexture":94,"yTexture":286,"xSize":4,"ySize":6,"xOffset":0,"yOffset":0,"hasBox":false,"xSizeBox":0,"ySizeBox":0,"xOffsetBox":0,"yOffsetBox":0},"11":{"xTexture":103,"yTexture":286,"xSize":4,"ySize":6,"xOffset":0,"yOffset":0,"hasBox":false,"xSizeBox":0,"ySizeBox":0,"xOffsetBox":0,"yOffsetBox":0},"12":{"xTexture":112,"yTexture":286,"xSize":2,"ySize":6,"xOffset":0,"yOffset":0,"hasBox":false,"xSizeBox":0,"ySizeBox":0,"xOffsetBox":0,"yOffsetBox":0},"13":{"xTexture":119,"yTexture":286,"xSize":4,"ySize":6,"xOffset":0,"yOffset":0,"hasBox":false,"xSizeBox":0,"ySizeBox":0,"xOffsetBox":0,"yOffsetBox":0},"14":{"xTexture":128,"yTexture":286,"xSize":2,"ySize":6,"xOffset":0,"yOffset":0,"hasBox":false,"xSizeBox":0,"ySizeBox":0,"xOffsetBox":0,"yOffsetBox":0},"15":{"xTexture":135,"yTexture":286,"xSize":4,"ySize":6,"xOffset":0,"yOffset":0,"hasBox":false,"xSizeBox":0,"ySizeBox":0,"xOffsetBox":0,"yOffsetBox":0},"16":{"xTexture":144,"yTexture":286,"xSize":4,"ySize":6,"xOffset":0,"yOffset":0,"hasBox":false,"xSizeBox":0,"ySizeBox":0,"xOffsetBox":0,"yOffsetBox":0},"17":{"xTexture":153,"yTexture":286,"xSize":4,"ySize":6,"xOffset":0,"yOffset":0,"hasBox":false,"xSizeBox":0,"ySizeBox":0,"xOffsetBox":0,"yOffsetBox":0},"18":{"xTexture":162,"yTexture":286,"xSize":4,"ySize":6,"xOffset":0,"yOffset":0,"hasBox":false,"xSizeBox":0,"ySizeBox":0,"xOffsetBox":0,"yOffsetBox":0},"19":{"xTexture":171,"yTexture":286,"xSize":4,"ySize":6,"xOffset":0,"yOffset":0,"hasBox":false,"xSizeBox":0,"ySizeBox":0,"xOffsetBox":0,"yOffsetBox":0},"20":{"xTexture":180,"yTexture":286,"xSize":4,"ySize":6,"xOffset":0,"yOffset":0,"hasBox":false,"xSizeBox":0,"ySizeBox":0,"xOffsetBox":0,"yOffsetBox":0},"21":{"xTexture":189,"yTexture":286,"xSize":4,"ySize":6,"xOffset":0,"yOffset":0,"hasBox":false,"xSizeBox":0,"ySizeBox":0,"xOffsetBox":0,"yOffsetBox":0},"22":{"xTexture":4,"yTexture":299,"xSize":4,"ySize":6,"xOffset":0,"yOffset":0,"hasBox":false,"xSizeBox":0,"ySizeBox":0,"xOffsetBox":0,"yOffsetBox":0},"23":{"xTexture":13,"yTexture":299,"xSize":4,"ySize":6,"xOffset":0,"yOffset":0,"hasBox":false,"xSizeBox":0,"ySizeBox":0,"xOffsetBox":0,"yOffsetBox":0},"24":{"xTexture":22,"yTexture":299,"xSize":4,"ySize":6,"xOffset":0,"yOffset":0,"hasBox":false,"xSizeBox":0,"ySizeBox":0,"xOffsetBox":0,"yOffsetBox":0},"25":{"xTexture":31,"yTexture":299,"xSize":4,"ySize":6,"xOffset":0,"yOffset":0,"hasBox":false,"xSizeBox":0,"ySizeBox":0,"xOffsetBox":0,"yOffsetBox":0},"26":{"xTexture":40,"yTexture":299,"xSize":2,"ySize":6,"xOffset":0,"yOffset":0,"hasBox":false,"xSizeBox":0,"ySizeBox":0,"xOffsetBox":0,"yOffsetBox":0},"27":{"xTexture":47,"yTexture":299,"xSize":3,"ySize":6,"xOffset":0,"yOffset":0,"hasBox":false,"xSizeBox":0,"ySizeBox":0,"xOffsetBox":0,"yOffsetBox":0},"28":{"xTexture":55,"yTexture":299,"xSize":4,"ySize":6,"xOffset":0,"yOffset":0,"hasBox":false,"xSizeBox":0,"ySizeBox":0,"xOffsetBox":0,"yOffsetBox":0},"29":{"xTexture":64,"yTexture":299,"xSize":4,"ySize":6,"xOffset":0,"yOffset":0,"hasBox":false,"xSizeBox":0,"ySizeBox":0,"xOffsetBox":0,"yOffsetBox":0},"30":{"xTexture":73,"yTexture":299,"xSize":4,"ySize":6,"xOffset":0,"yOffset":0,"hasBox":false,"xSizeBox":0,"ySizeBox":0,"xOffsetBox":0,"yOffsetBox":0},"31":{"xTexture":82,"yTexture":299,"xSize":4,"ySize":6,"xOffset":0,"yOffset":0,"hasBox":false,"xSizeBox":0,"ySizeBox":0,"xOffsetBox":0,"yOffsetBox":0},"32":{"xTexture":91,"yTexture":299,"xSize":4,"ySize":6,"xOffset":0,"yOffset":0,"hasBox":false,"xSizeBox":0,"ySizeBox":0,"xOffsetBox":0,"yOffsetBox":0},"33":{"xTexture":100,"yTexture":299,"xSize":4,"ySize":6,"xOffset":0,"yOffset":0,"hasBox":false,"xSizeBox":0,"ySizeBox":0,"xOffsetBox":0,"yOffsetBox":0},"34":{"xTexture":109,"yTexture":299,"xSize":4,"ySize":6,"xOffset":0,"yOffset":0,"hasBox":false,"xSizeBox":0,"ySizeBox":0,"xOffsetBox":0,"yOffsetBox":0},"35":{"xTexture":118,"yTexture":299,"xSize":4,"ySize":6,"xOffset":0,"yOffset":0,"hasBox":false,"xSizeBox":0,"ySizeBox":0,"xOffsetBox":0,"yOffsetBox":0},"36":{"xTexture":127,"yTexture":299,"xSize":4,"ySize":6,"xOffset":0,"yOffset":0,"hasBox":false,"xSizeBox":0,"ySizeBox":0,"xOffsetBox":0,"yOffsetBox":0},"37":{"xTexture":136,"yTexture":299,"xSize":4,"ySize":6,"xOffset":0,"yOffset":0,"hasBox":false,"xSizeBox":0,"ySizeBox":0,"xOffsetBox":0,"yOffsetBox":0},"38":{"xTexture":145,"yTexture":299,"xSize":4,"ySize":6,"xOffset":0,"yOffset":0,"hasBox":false,"xSizeBox":0,"ySizeBox":0,"xOffsetBox":0,"yOffsetBox":0},"39":{"xTexture":154,"yTexture":299,"xSize":4,"ySize":6,"xOffset":0,"yOffset":0,"hasBox":false,"xSizeBox":0,"ySizeBox":0,"xOffsetBox":0,"yOffsetBox":0},"40":{"xTexture":163,"yTexture":299,"xSize":4,"ySize":6,"xOffset":0,"yOffset":0,"hasBox":false,"xSizeBox":0,"ySizeBox":0,"xOffsetBox":0,"yOffsetBox":0},"41":{"xTexture":172,"yTexture":299,"xSize":4,"ySize":6,"xOffset":0,"yOffset":0,"hasBox":false,"xSizeBox":0,"ySizeBox":0,"xOffsetBox":0,"yOffsetBox":0},"42":{"xTexture":181,"yTexture":299,"xSize":4,"ySize":6,"xOffset":0,"yOffset":0,"hasBox":false,"xSizeBox":0,"ySizeBox":0,"xOffsetBox":0,"yOffsetBox":0},"43":{"xTexture":190,"yTexture":299,"xSize":4,"ySize":6,"xOffset":0,"yOffset":0,"hasBox":false,"xSizeBox":0,"ySizeBox":0,"xOffsetBox":0,"yOffsetBox":0},"44":{"xTexture":4,"yTexture":312,"xSize":4,"ySize":6,"xOffset":0,"yOffset":0,"hasBox":false,"xSizeBox":0,"ySizeBox":0,"xOffsetBox":0,"yOffsetBox":0},"45":{"xTexture":13,"yTexture":312,"xSize":6,"ySize":6,"xOffset":0,"yOffset":0,"hasBox":false,"xSizeBox":0,"ySizeBox":0,"xOffsetBox":0,"yOffsetBox":0},"46":{"xTexture":24,"yTexture":312,"xSize":4,"ySize":6,"xOffset":0,"yOffset":0,"hasBox":false,"xSizeBox":0,"ySizeBox":0,"xOffsetBox":0,"yOffsetBox":0},"47":{"xTexture":33,"yTexture":312,"xSize":4,"ySize":6,"xOffset":0,"yOffset":0,"hasBox":false,"xSizeBox":0,"ySizeBox":0,"xOffsetBox":0,"yOffsetBox":0},"48":{"xTexture":42,"yTexture":312,"xSize":4,"ySize":6,"xOffset":0,"yOffset":0,"hasBox":false,"xSizeBox":0,"ySizeBox":0,"xOffsetBox":0,"yOffsetBox":0},"49":{"xTexture":51,"yTexture":312,"xSize":4,"ySize":6,"xOffset":0,"yOffset":0,"hasBox":false,"xSizeBox":0,"ySizeBox":0,"xOffsetBox":0,"yOffsetBox":0},"50":{"xTexture":60,"yTexture":312,"xSize":4,"ySize":6,"xOffset":0,"yOffset":0,"hasBox":false,"xSizeBox":0,"ySizeBox":0,"xOffsetBox":0,"yOffsetBox":0},"51":{"xTexture":69,"yTexture":312,"xSize":4,"ySize":6,"xOffset":0,"yOffset":0,"hasBox":false,"xSizeBox":0,"ySizeBox":0,"xOffsetBox":0,"yOffsetBox":0},"52":{"xTexture":78,"yTexture":312,"xSize":4,"ySize":6,"xOffset":0,"yOffset":0,"hasBox":false,"xSizeBox":0,"ySizeBox":0,"xOffsetBox":0,"yOffsetBox":0},"53":{"xTexture":87,"yTexture":312,"xSize":4,"ySize":6,"xOffset":0,"yOffset":0,"hasBox":false,"xSizeBox":0,"ySizeBox":0,"xOffsetBox":0,"yOffsetBox":0},"54":{"xTexture":96,"yTexture":312,"xSize":4,"ySize":6,"xOffset":0,"yOffset":0,"hasBox":false,"xSizeBox":0,"ySizeBox":0,"xOffsetBox":0,"yOffsetBox":0},"55":{"xTexture":105,"yTexture":312,"xSize":6,"ySize":6,"xOffset":0,"yOffset":0,"hasBox":false,"xSizeBox":0,"ySizeBox":0,"xOffsetBox":0,"yOffsetBox":0},"56":{"xTexture":116,"yTexture":312,"xSize":4,"ySize":6,"xOffset":0,"yOffset":0,"hasBox":false,"xSizeBox":0,"ySizeBox":0,"xOffsetBox":0,"yOffsetBox":0},"57":{"xTexture":125,"yTexture":312,"xSize":4,"ySize":6,"xOffset":0,"yOffset":0,"hasBox":false,"xSizeBox":0,"ySizeBox":0,"xOffsetBox":0,"yOffsetBox":0},"58":{"xTexture":134,"yTexture":312,"xSize":4,"ySize":6,"xOffset":0,"yOffset":0,"hasBox":false,"xSizeBox":0,"ySizeBox":0,"xOffsetBox":0,"yOffsetBox":0},"59":{"xTexture":143,"yTexture":312,"xSize":3,"ySize":6,"xOffset":0,"yOffset":0,"hasBox":false,"xSizeBox":0,"ySizeBox":0,"xOffsetBox":0,"yOffsetBox":0},"60":{"xTexture":151,"yTexture":312,"xSize":4,"ySize":6,"xOffset":0,"yOffset":0,"hasBox":false,"xSizeBox":0,"ySizeBox":0,"xOffsetBox":0,"yOffsetBox":0},"61":{"xTexture":160,"yTexture":312,"xSize":3,"ySize":6,"xOffset":0,"yOffset":0,"hasBox":false,"xSizeBox":0,"ySizeBox":0,"xOffsetBox":0,"yOffsetBox":0},"62":{"xTexture":168,"yTexture":312,"xSize":4,"ySize":6,"xOffset":0,"yOffset":0,"hasBox":false,"xSizeBox":0,"ySizeBox":0,"xOffsetBox":0,"yOffsetBox":0},"63":{"xTexture":177,"yTexture":312,"xSize":4,"ySize":6,"xOffset":0,"yOffset":0,"hasBox":false,"xSizeBox":0,"ySizeBox":0,"xOffsetBox":0,"yOffsetBox":0}},"Assets/Graphics/game.png 0 323":{"0":{"xTexture":4,"yTexture":327,"xSize":3,"ySize":6,"xOffset":0,"yOffset":0,"hasBox":false,"xSizeBox":0,"ySizeBox":0,"xOffsetBox":0,"yOffsetBox":0},"1":{"xTexture":12,"yTexture":327,"xSize":2,"ySize":6,"xOffset":0,"yOffset":0,"hasBox":false,"xSizeBox":0,"ySizeBox":0,"xOffsetBox":0,"yOffsetBox":0},"2":{"xTexture":19,"yTexture":327,"xSize":4,"ySize":6,"xOffset":0,"yOffset":0,"hasBox":false,"xSizeBox":0,"ySizeBox":0,"xOffsetBox":0,"yOffsetBox":0},"3":{"xTexture":28,"yTexture":327,"xSize":6,"ySize":6,"xOffset":0,"yOffset":0,"hasBox":false,"xSizeBox":0,"ySizeBox":0,"xOffsetBox":0,"yOffsetBox":0},"4":{"xTexture":39,"yTexture":327,"xSize":6,"ySize":6,"xOffset":0,"yOffset":0,"hasBox":false,"xSizeBox":0,"ySizeBox":0,"xOffsetBox":0,"yOffsetBox":0},"5":{"xTexture":50,"yTexture":327,"xSize":5,"ySize":6,"xOffset":0,"yOffset":0,"hasBox":false,"xSizeBox":0,"ySizeBox":0,"xOffsetBox":0,"yOffsetBox":0},"6":{"xTexture":60,"yTexture":327,"xSize":6,"ySize":6,"xOffset":0,"yOffset":0,"hasBox":false,"xSizeBox":0,"ySizeBox":0,"xOffsetBox":0,"yOffsetBox":0},"7":{"xTexture":71,"yTexture":327,"xSize":2,"ySize":6,"xOffset":0,"yOffset":0,"hasBox":false,"xSizeBox":0,"ySizeBox":0,"xOffsetBox":0,"yOffsetBox":0},"8":{"xTexture":78,"yTexture":327,"xSize":3,"ySize":6,"xOffset":0,"yOffset":0,"hasBox":false,"xSizeBox":0,"ySizeBox":0,"xOffsetBox":0,"yOffsetBox":0},"9":{"xTexture":86,"yTexture":327,"xSize":3,"ySize":6,"xOffset":0,"yOffset":0,"hasBox":false,"xSizeBox":0,"ySizeBox":0,"xOffsetBox":0,"yOffsetBox":0},"10":{"xTexture":94,"yTexture":327,"xSize":4,"ySize":6,"xOffset":0,"yOffset":0,"hasBox":false,"xSizeBox":0,"ySizeBox":0,"xOffsetBox":0,"yOffsetBox":0},"11":{"xTexture":103,"yTexture":327,"xSize":4,"ySize":6,"xOffset":0,"yOffset":0,"hasBox":false,"xSizeBox":0,"ySizeBox":0,"xOffsetBox":0,"yOffsetBox":0},"12":{"xTexture":112,"yTexture":327,"xSize":2,"ySize":6,"xOffset":0,"yOffset":0,"hasBox":false,"xSizeBox":0,"ySizeBox":0,"xOffsetBox":0,"yOffsetBox":0},"13":{"xTexture":119,"yTexture":327,"xSize":4,"ySize":6,"xOffset":0,"yOffset":0,"hasBox":false,"xSizeBox":0,"ySizeBox":0,"xOffsetBox":0,"yOffsetBox":0},"14":{"xTexture":128,"yTexture":327,"xSize":2,"ySize":6,"xOffset":0,"yOffset":0,"hasBox":false,"xSizeBox":0,"ySizeBox":0,"xOffsetBox":0,"yOffsetBox":0},"15":{"xTexture":135,"yTexture":327,"xSize":4,"ySize":6,"xOffset":0,"yOffset":0,"hasBox":false,"xSizeBox":0,"ySizeBox":0,"xOffsetBox":0,"yOffsetBox":0},"16":{"xTexture":144,"yTexture":327,"xSize":4,"ySize":6,"xOffset":0,"yOffset":0,"hasBox":false,"xSizeBox":0,"ySizeBox":0,"xOffsetBox":0,"yOffsetBox":0},"17":{"xTexture":153,"yTexture":327,"xSize":4,"ySize":6,"xOffset":0,"yOffset":0,"hasBox":false,"xSizeBox":0,"ySizeBox":0,"xOffsetBox":0,"yOffsetBox":0},"18":{"xTexture":162,"yTexture":327,"xSize":4,"ySize":6,"xOffset":0,"yOffset":0,"hasBox":false,"xSizeBox":0,"ySizeBox":0,"xOffsetBox":0,"yOffsetBox":0},"19":{"xTexture":171,"yTexture":327,"xSize":4,"ySize":6,"xOffset":0,"yOffset":0,"hasBox":false,"xSizeBox":0,"ySizeBox":0,"xOffsetBox":0,"yOffsetBox":0},"20":{"xTexture":180,"yTexture":327,"xSize":4,"ySize":6,"xOffset":0,"yOffset":0,"hasBox":false,"xSizeBox":0,"ySizeBox":0,"xOffsetBox":0,"yOffsetBox":0},"21":{"xTexture":189,"yTexture":327,"xSize":4,"ySize":6,"xOffset":0,"yOffset":0,"hasBox":false,"xSizeBox":0,"ySizeBox":0,"xOffsetBox":0,"yOffsetBox":0},"22":{"xTexture":4,"yTexture":340,"xSize":4,"ySize":6,"xOffset":0,"yOffset":0,"hasBox":false,"xSizeBox":0,"ySizeBox":0,"xOffsetBox":0,"yOffsetBox":0},"23":{"xTexture":13,"yTexture":340,"xSize":4,"ySize":6,"xOffset":0,"yOffset":0,"hasBox":false,"xSizeBox":0,"ySizeBox":0,"xOffsetBox":0,"yOffsetBox":0},"24":{"xTexture":22,"yTexture":340,"xSize":4,"ySize":6,"xOffset":0,"yOffset":0,"hasBox":false,"xSizeBox":0,"ySizeBox":0,"xOffsetBox":0,"yOffsetBox":0},"25":{"xTexture":31,"yTexture":340,"xSize":4,"ySize":6,"xOffset":0,"yOffset":0,"hasBox":false,"xSizeBox":0,"ySizeBox":0,"xOffsetBox":0,"yOffsetBox":0},"26":{"xTexture":40,"yTexture":340,"xSize":2,"ySize":6,"xOffset":0,"yOffset":0,"hasBox":false,"xSizeBox":0,"ySizeBox":0,"xOffsetBox":0,"yOffsetBox":0},"27":{"xTexture":47,"yTexture":340,"xSize":3,"ySize":6,"xOffset":0,"yOffset":0,"hasBox":false,"xSizeBox":0,"ySizeBox":0,"xOffsetBox":0,"yOffsetBox":0},"28":{"xTexture":55,"yTexture":340,"xSize":4,"ySize":6,"xOffset":0,"yOffset":0,"hasBox":false,"xSizeBox":0,"ySizeBox":0,"xOffsetBox":0,"yOffsetBox":0},"29":{"xTexture":64,"yTexture":340,"xSize":4,"ySize":6,"xOffset":0,"yOffset":0,"hasBox":false,"xSizeBox":0,"ySizeBox":0,"xOffsetBox":0,"yOffsetBox":0},"30":{"xTexture":73,"yTexture":340,"xSize":4,"ySize":6,"xOffset":0,"yOffset":0,"hasBox":false,"xSizeBox":0,"ySizeBox":0,"xOffsetBox":0,"yOffsetBox":0},"31":{"xTexture":82,"yTexture":340,"xSize":4,"ySize":6,"xOffset":0,"yOffset":0,"hasBox":false,"xSizeBox":0,"ySizeBox":0,"xOffsetBox":0,"yOffsetBox":0},"32":{"xTexture":91,"yTexture":340,"xSize":4,"ySize":6,"xOffset":0,"yOffset":0,"hasBox":false,"xSizeBox":0,"ySizeBox":0,"xOffsetBox":0,"yOffsetBox":0},"33":{"xTexture":100,"yTexture":340,"xSize":4,"ySize":6,"xOffset":0,"yOffset":0,"hasBox":false,"xSizeBox":0,"ySizeBox":0,"xOffsetBox":0,"yOffsetBox":0},"34":{"xTexture":109,"yTexture":340,"xSize":4,"ySize":6,"xOffset":0,"yOffset":0,"hasBox":false,"xSizeBox":0,"ySizeBox":0,"xOffsetBox":0,"yOffsetBox":0},"35":{"xTexture":118,"yTexture":340,"xSize":4,"ySize":6,"xOffset":0,"yOffset":0,"hasBox":false,"xSizeBox":0,"ySizeBox":0,"xOffsetBox":0,"yOffsetBox":0},"36":{"xTexture":127,"yTexture":340,"xSize":4,"ySize":6,"xOffset":0,"yOffset":0,"hasBox":false,"xSizeBox":0,"ySizeBox":0,"xOffsetBox":0,"yOffsetBox":0},"37":{"xTexture":136,"yTexture":340,"xSize":4,"ySize":6,"xOffset":0,"yOffset":0,"hasBox":false,"xSizeBox":0,"ySizeBox":0,"xOffsetBox":0,"yOffsetBox":0},"38":{"xTexture":145,"yTexture":340,"xSize":4,"ySize":6,"xOffset":0,"yOffset":0,"hasBox":false,"xSizeBox":0,"ySizeBox":0,"xOffsetBox":0,"yOffsetBox":0},"39":{"xTexture":154,"yTexture":340,"xSize":4,"ySize":6,"xOffset":0,"yOffset":0,"hasBox":false,"xSizeBox":0,"ySizeBox":0,"xOffsetBox":0,"yOffsetBox":0},"40":{"xTexture":163,"yTexture":340,"xSize":4,"ySize":6,"xOffset":0,"yOffset":0,"hasBox":false,"xSizeBox":0,"ySizeBox":0,"xOffsetBox":0,"yOffsetBox":0},"41":{"xTexture":172,"yTexture":340,"xSize":4,"ySize":6,"xOffset":0,"yOffset":0,"hasBox":false,"xSizeBox":0,"ySizeBox":0,"xOffsetBox":0,"yOffsetBox":0},"42":{"xTexture":181,"yTexture":340,"xSize":4,"ySize":6,"xOffset":0,"yOffset":0,"hasBox":false,"xSizeBox":0,"ySizeBox":0,"xOffsetBox":0,"yOffsetBox":0},"43":{"xTexture":190,"yTexture":340,"xSize":4,"ySize":6,"xOffset":0,"yOffset":0,"hasBox":false,"xSizeBox":0,"ySizeBox":0,"xOffsetBox":0,"yOffsetBox":0},"44":{"xTexture":4,"yTexture":353,"xSize":4,"ySize":6,"xOffset":0,"yOffset":0,"hasBox":false,"xSizeBox":0,"ySizeBox":0,"xOffsetBox":0,"yOffsetBox":0},"45":{"xTexture":13,"yTexture":353,"xSize":6,"ySize":6,"xOffset":0,"yOffset":0,"hasBox":false,"xSizeBox":0,"ySizeBox":0,"xOffsetBox":0,"yOffsetBox":0},"46":{"xTexture":24,"yTexture":353,"xSize":4,"ySize":6,"xOffset":0,"yOffset":0,"hasBox":false,"xSizeBox":0,"ySizeBox":0,"xOffsetBox":0,"yOffsetBox":0},"47":{"xTexture":33,"yTexture":353,"xSize":4,"ySize":6,"xOffset":0,"yOffset":0,"hasBox":false,"xSizeBox":0,"ySizeBox":0,"xOffsetBox":0,"yOffsetBox":0},"48":{"xTexture":42,"yTexture":353,"xSize":4,"ySize":6,"xOffset":0,"yOffset":0,"hasBox":false,"xSizeBox":0,"ySizeBox":0,"xOffsetBox":0,"yOffsetBox":0},"49":{"xTexture":51,"yTexture":353,"xSize":4,"ySize":6,"xOffset":0,"yOffset":0,"hasBox":false,"xSizeBox":0,"ySizeBox":0,"xOffsetBox":0,"yOffsetBox":0},"50":{"xTexture":60,"yTexture":353,"xSize":4,"ySize":6,"xOffset":0,"yOffset":0,"hasBox":false,"xSizeBox":0,"ySizeBox":0,"xOffsetBox":0,"yOffsetBox":0},"51":{"xTexture":69,"yTexture":353,"xSize":4,"ySize":6,"xOffset":0,"yOffset":0,"hasBox":false,"xSizeBox":0,"ySizeBox":0,"xOffsetBox":0,"yOffsetBox":0},"52":{"xTexture":78,"yTexture":353,"xSize":4,"ySize":6,"xOffset":0,"yOffset":0,"hasBox":false,"xSizeBox":0,"ySizeBox":0,"xOffsetBox":0,"yOffsetBox":0},"53":{"xTexture":87,"yTexture":353,"xSize":4,"ySize":6,"xOffset":0,"yOffset":0,"hasBox":false,"xSizeBox":0,"ySizeBox":0,"xOffsetBox":0,"yOffsetBox":0},"54":{"xTexture":96,"yTexture":353,"xSize":4,"ySize":6,"xOffset":0,"yOffset":0,"hasBox":false,"xSizeBox":0,"ySizeBox":0,"xOffsetBox":0,"yOffsetBox":0},"55":{"xTexture":105,"yTexture":353,"xSize":6,"ySize":6,"xOffset":0,"yOffset":0,"hasBox":false,"xSizeBox":0,"ySizeBox":0,"xOffsetBox":0,"yOffsetBox":0},"56":{"xTexture":116,"yTexture":353,"xSize":4,"ySize":6,"xOffset":0,"yOffset":0,"hasBox":false,"xSizeBox":0,"ySizeBox":0,"xOffsetBox":0,"yOffsetBox":0},"57":{"xTexture":125,"yTexture":353,"xSize":4,"ySize":6,"xOffset":0,"yOffset":0,"hasBox":false,"xSizeBox":0,"ySizeBox":0,"xOffsetBox":0,"yOffsetBox":0},"58":{"xTexture":134,"yTexture":353,"xSize":4,"ySize":6,"xOffset":0,"yOffset":0,"hasBox":false,"xSizeBox":0,"ySizeBox":0,"xOffsetBox":0,"yOffsetBox":0},"59":{"xTexture":143,"yTexture":353,"xSize":3,"ySize":6,"xOffset":0,"yOffset":0,"hasBox":false,"xSizeBox":0,"ySizeBox":0,"xOffsetBox":0,"yOffsetBox":0},"60":{"xTexture":151,"yTexture":353,"xSize":4,"ySize":6,"xOffset":0,"yOffset":0,"hasBox":false,"xSizeBox":0,"ySizeBox":0,"xOffsetBox":0,"yOffsetBox":0},"61":{"xTexture":160,"yTexture":353,"xSize":3,"ySize":6,"xOffset":0,"yOffset":0,"hasBox":false,"xSizeBox":0,"ySizeBox":0,"xOffsetBox":0,"yOffsetBox":0},"62":{"xTexture":168,"yTexture":353,"xSize":4,"ySize":6,"xOffset":0,"yOffset":0,"hasBox":false,"xSizeBox":0,"ySizeBox":0,"xOffsetBox":0,"yOffsetBox":0},"63":{"xTexture":177,"yTexture":353,"xSize":4,"ySize":6,"xOffset":0,"yOffset":0,"hasBox":false,"xSizeBox":0,"ySizeBox":0,"xOffsetBox":0,"yOffsetBox":0}},"Assets/Graphics/game.png 780 388":{"0":{"xTexture":784,"yTexture":392,"xSize":7,"ySize":7,"xOffset":-3.5,"yOffset":-3.5,"hasBox":false,"xSizeBox":0,"ySizeBox":0,"xOffsetBox":0,"yOffsetBox":0},"1":{"xTexture":796,"yTexture":392,"xSize":7,"ySize":7,"xOffset":-3.5,"yOffset":-3.5,"hasBox":false,"xSizeBox":0,"ySizeBox":0,"xOffsetBox":0,"yOffsetBox":0},"2":{"xTexture":808,"yTexture":392,"xSize":6,"ySize":6,"xOffset":-3,"yOffset":-3,"hasBox":false,"xSizeBox":0,"ySizeBox":0,"xOffsetBox":0,"yOffsetBox":0},"3":{"xTexture":819,"yTexture":392,"xSize":6,"ySize":6,"xOffset":-3,"yOffset":-3,"hasBox":false,"xSizeBox":0,"ySizeBox":0,"xOffsetBox":0,"yOffsetBox":0},"4":{"xTexture":830,"yTexture":392,"xSize":5,"ySize":5,"xOffset":-2.5,"yOffset":-2.5,"hasBox":false,"xSizeBox":0,"ySizeBox":0,"xOffsetBox":0,"yOffsetBox":0},"5":{"xTexture":840,"yTexture":392,"xSize":4,"ySize":4,"xOffset":-2,"yOffset":-2,"hasBox":false,"xSizeBox":0,"ySizeBox":0,"xOffsetBox":0,"yOffsetBox":0},"6":{"xTexture":849,"yTexture":392,"xSize":3,"ySize":3,"xOffset":-1.5,"yOffset":-1.5,"hasBox":false,"xSizeBox":0,"ySizeBox":0,"xOffsetBox":0,"yOffsetBox":0},"7":{"xTexture":857,"yTexture":392,"xSize":1,"ySize":1,"xOffset":-0.5,"yOffset":-0.5,"hasBox":false,"xSizeBox":0,"ySizeBox":0,"xOffsetBox":0,"yOffsetBox":0},"8":{"xTexture":863,"yTexture":392,"xSize":1,"ySize":1,"xOffset":-0.5,"yOffset":-0.5,"hasBox":false,"xSizeBox":0,"ySizeBox":0,"xOffsetBox":0,"yOffsetBox":0},"9":{"xTexture":869,"yTexture":392,"xSize":1,"ySize":1,"xOffset":-0.5,"yOffset":-0.5,"hasBox":false,"xSizeBox":0,"ySizeBox":0,"xOffsetBox":0,"yOffsetBox":0}},"Assets/Graphics/game.png 582 388":{"0":{"xTexture":586,"yTexture":392,"xSize":9,"ySize":7,"xOffset":-4.5,"yOffset":-7,"hasBox":true,"xSizeBox":7,"ySizeBox":6,"xOffsetBox":-3.5,"yOffsetBox":-6},"1":{"xTexture":600,"yTexture":392,"xSize":9,"ySize":7,"xOffset":-4.5,"yOffset":-7,"hasBox":true,"xSizeBox":5,"ySizeBox":4,"xOffsetBox":-2.5,"yOffsetBox":-5},"2":{"xTexture":614,"yTexture":392,"xSize":10,"ySize":6,"xOffset":-5,"yOffset":-6,"hasBox":true,"xSizeBox":6,"ySizeBox":3,"xOffsetBox":-3,"yOffsetBox":-4},"3":{"xTexture":629,"yTexture":392,"xSize":11,"ySize":5,"xOffset":-5.5,"yOffset":-5,"hasBox":true,"xSizeBox":7,"ySizeBox":2,"xOffsetBox":-3.5,"yOffsetBox":-3},"4":{"xTexture":645,"yTexture":392,"xSize":9,"ySize":7,"xOffset":-4.5,"yOffset":-7,"hasBox":true,"xSizeBox":5,"ySizeBox":4,"xOffsetBox":-2.5,"yOffsetBox":-5},"5":{"xTexture":659,"yTexture":392,"xSize":10,"ySize":6,"xOffset":-5,"yOffset":-6,"hasBox":true,"xSizeBox":6,"ySizeBox":3,"xOffsetBox":-3,"yOffsetBox":-4},"6":{"xTexture":674,"yTexture":392,"xSize":11,"ySize":5,"xOffset":-5.5,"yOffset":-5,"hasBox":true,"xSizeBox":7,"ySizeBox":2,"xOffsetBox":-3.5,"yOffsetBox":-3},"7":{"xTexture":690,"yTexture":392,"xSize":9,"ySize":7,"xOffset":-4.5,"yOffset":-7,"hasBox":true,"xSizeBox":5,"ySizeBox":3,"xOffsetBox":-2.5,"yOffsetBox":-5},"8":{"xTexture":704,"yTexture":392,"xSize":8,"ySize":8,"xOffset":-4,"yOffset":-7,"hasBox":true,"xSizeBox":4,"ySizeBox":4,"xOffsetBox":-2,"yOffsetBox":-5},"9":{"xTexture":717,"yTexture":392,"xSize":9,"ySize":7,"xOffset":-4.5,"yOffset":-7,"hasBox":true,"xSizeBox":5,"ySizeBox":3,"xOffsetBox":-2.5,"yOffsetBox":-5},"10":{"xTexture":731,"yTexture":392,"xSize":9,"ySize":7,"xOffset":-4.5,"yOffset":-7,"hasBox":true,"xSizeBox":5,"ySizeBox":3,"xOffsetBox":-2.5,"yOffsetBox":-5},"11":{"xTexture":745,"yTexture":392,"xSize":8,"ySize":8,"xOffset":-4,"yOffset":-7,"hasBox":true,"xSizeBox":4,"ySizeBox":4,"xOffsetBox":-2,"yOffsetBox":-5}},"Assets/Graphics/game.png 257 222":{"0":{"xTexture":261,"yTexture":226,"xSize":104,"ySize":21,"xOffset":0,"yOffset":0,"hasBox":false,"xSizeBox":0,"ySizeBox":0,"xOffsetBox":0,"yOffsetBox":0},"1":{"xTexture":370,"yTexture":226,"xSize":110,"ySize":21,"xOffset":0,"yOffset":0,"hasBox":false,"xSizeBox":0,"ySizeBox":0,"xOffsetBox":0,"yOffsetBox":0},"2":{"xTexture":485,"yTexture":226,"xSize":104,"ySize":21,"xOffset":0,"yOffset":0,"hasBox":false,"xSizeBox":0,"ySizeBox":0,"xOffsetBox":0,"yOffsetBox":0}},"Assets/Graphics/game.png 257 198":{"0":{"xTexture":261,"yTexture":202,"xSize":132,"ySize":13,"xOffset":0,"yOffset":0,"hasBox":false,"xSizeBox":0,"ySizeBox":0,"xOffsetBox":0,"yOffsetBox":0},"1":{"xTexture":398,"yTexture":202,"xSize":101,"ySize":15,"xOffset":0,"yOffset":0,"hasBox":false,"xSizeBox":0,"ySizeBox":0,"xOffsetBox":0,"yOffsetBox":0},"2":{"xTexture":504,"yTexture":202,"xSize":129,"ySize":13,"xOffset":0,"yOffset":0,"hasBox":false,"xSizeBox":0,"ySizeBox":0,"xOffsetBox":0,"yOffsetBox":0},"3":{"xTexture":638,"yTexture":202,"xSize":83,"ySize":13,"xOffset":0,"yOffset":0,"hasBox":false,"xSizeBox":0,"ySizeBox":0,"xOffsetBox":0,"yOffsetBox":0}},"Assets/Graphics/game.png 768 198":{"0":{"xTexture":772,"yTexture":202,"xSize":20,"ySize":14,"xOffset":0,"yOffset":0,"hasBox":false,"xSizeBox":0,"ySizeBox":0,"xOffsetBox":0,"yOffsetBox":0},"1":{"xTexture":797,"yTexture":202,"xSize":20,"ySize":14,"xOffset":0,"yOffset":0,"hasBox":false,"xSizeBox":0,"ySizeBox":0,"xOffsetBox":0,"yOffsetBox":0}},"Assets/Graphics/game.png 770 118":{"0":{"xTexture":774,"yTexture":122,"xSize":14,"ySize":14,"xOffset":0,"yOffset":0,"hasBox":false,"xSizeBox":0,"ySizeBox":0,"xOffsetBox":0,"yOffsetBox":0},"1":{"xTexture":793,"yTexture":122,"xSize":14,"ySize":14,"xOffset":0,"yOffset":0,"hasBox":false,"xSizeBox":0,"ySizeBox":0,"xOffsetBox":0,"yOffsetBox":0},"2":{"xTexture":812,"yTexture":122,"xSize":14,"ySize":14,"xOffset":0,"yOffset":0,"hasBox":false,"xSizeBox":0,"ySizeBox":0,"xOffsetBox":0,"yOffsetBox":0},"3":{"xTexture":831,"yTexture":122,"xSize":14,"ySize":14,"xOffset":0,"yOffset":0,"hasBox":false,"xSizeBox":0,"ySizeBox":0,"xOffsetBox":0,"yOffsetBox":0}},"Assets/Graphics/game.png 930 118":{"0":{"xTexture":934,"yTexture":122,"xSize":14,"ySize":14,"xOffset":0,"yOffset":0,"hasBox":false,"xSizeBox":0,"ySizeBox":0,"xOffsetBox":0,"yOffsetBox":0},"1":{"xTexture":953,"yTexture":122,"xSize":14,"ySize":14,"xOffset":0,"yOffset":0,"hasBox":false,"xSizeBox":0,"ySizeBox":0,"xOffsetBox":0,"yOffsetBox":0},"2":{"xTexture":972,"yTexture":122,"xSize":14,"ySize":14,"xOffset":0,"yOffset":0,"hasBox":false,"xSizeBox":0,"ySizeBox":0,"xOffsetBox":0,"yOffsetBox":0},"3":{"xTexture":991,"yTexture":122,"xSize":14,"ySize":14,"xOffset":0,"yOffset":0,"hasBox":false,"xSizeBox":0,"ySizeBox":0,"xOffsetBox":0,"yOffsetBox":0}},"Assets/Graphics/game.png 726 198":{"0":{"xTexture":730,"yTexture":202,"xSize":14,"ySize":14,"xOffset":0,"yOffset":0,"hasBox":false,"xSizeBox":0,"ySizeBox":0,"xOffsetBox":0,"yOffsetBox":0},"1":{"xTexture":749,"yTexture":202,"xSize":14,"ySize":14,"xOffset":0,"yOffset":0,"hasBox":false,"xSizeBox":0,"ySizeBox":0,"xOffsetBox":0,"yOffsetBox":0}},"Assets/Graphics/game.png 850 118":{"0":{"xTexture":854,"yTexture":122,"xSize":14,"ySize":14,"xOffset":0,"yOffset":0,"hasBox":false,"xSizeBox":0,"ySizeBox":0,"xOffsetBox":0,"yOffsetBox":0},"1":{"xTexture":873,"yTexture":122,"xSize":14,"ySize":14,"xOffset":0,"yOffset":0,"hasBox":false,"xSizeBox":0,"ySizeBox":0,"xOffsetBox":0,"yOffsetBox":0},"2":{"xTexture":892,"yTexture":122,"xSize":14,"ySize":14,"xOffset":0,"yOffset":0,"hasBox":false,"xSizeBox":0,"ySizeBox":0,"xOffsetBox":0,"yOffsetBox":0},"3":{"xTexture":911,"yTexture":122,"xSize":14,"ySize":14,"xOffset":0,"yOffset":0,"hasBox":false,"xSizeBox":0,"ySizeBox":0,"xOffsetBox":0,"yOffsetBox":0}},"Assets/Graphics/game.png 257 317":{"0":{"xTexture":261,"yTexture":321,"xSize":55,"ySize":13,"xOffset":-27.5,"yOffset":-6.5,"hasBox":false,"xSizeBox":0,"ySizeBox":0,"xOffsetBox":0,"yOffsetBox":0},"1":{"xTexture":321,"yTexture":321,"xSize":67,"ySize":21,"xOffset":-33.5,"yOffset":-10.5,"hasBox":false,"xSizeBox":0,"ySizeBox":0,"xOffsetBox":0,"yOffsetBox":0},"2":{"xTexture":393,"yTexture":321,"xSize":93,"ySize":21,"xOffset":-46.5,"yOffset":-10.5,"hasBox":false,"xSizeBox":0,"ySizeBox":0,"xOffsetBox":0,"yOffsetBox":0},"3":{"xTexture":491,"yTexture":321,"xSize":90,"ySize":21,"xOffset":-45,"yOffset":-10.5,"hasBox":false,"xSizeBox":0,"ySizeBox":0,"xOffsetBox":0,"yOffsetBox":0},"4":{"xTexture":586,"yTexture":321,"xSize":105,"ySize":21,"xOffset":-52.5,"yOffset":-10.5,"hasBox":false,"xSizeBox":0,"ySizeBox":0,"xOffsetBox":0,"yOffsetBox":0},"5":{"xTexture":696,"yTexture":321,"xSize":95,"ySize":21,"xOffset":-47.5,"yOffset":-10.5,"hasBox":false,"xSizeBox":0,"ySizeBox":0,"xOffsetBox":0,"yOffsetBox":0},"6":{"xTexture":796,"yTexture":321,"xSize":97,"ySize":21,"xOffset":-48.5,"yOffset":-10.5,"hasBox":false,"xSizeBox":0,"ySizeBox":0,"xOffsetBox":0,"yOffsetBox":0},"7":{"xTexture":898,"yTexture":321,"xSize":110,"ySize":29,"xOffset":-55,"yOffset":-14.5,"hasBox":false,"xSizeBox":0,"ySizeBox":0,"xOffsetBox":0,"yOffsetBox":0}},"Assets/Graphics/game.png 633 429":{"0":{"xTexture":637,"yTexture":433,"xSize":124,"ySize":37,"xOffset":-62,"yOffset":-18.5,"hasBox":false,"xSizeBox":0,"ySizeBox":0,"xOffsetBox":0,"yOffsetBox":0},"1":{"xTexture":766,"yTexture":433,"xSize":90,"ySize":29,"xOffset":-45,"yOffset":-14.5,"hasBox":false,"xSizeBox":0,"ySizeBox":0,"xOffsetBox":0,"yOffsetBox":0}},"Assets/Graphics/game.png 739 222":{"0":{"xTexture":743,"yTexture":226,"xSize":48,"ySize":18,"xOffset":-1,"yOffset":-1,"hasBox":false,"xSizeBox":0,"ySizeBox":0,"xOffsetBox":0,"yOffsetBox":0},"1":{"xTexture":796,"yTexture":226,"xSize":48,"ySize":18,"xOffset":-1,"yOffset":-1,"hasBox":false,"xSizeBox":0,"ySizeBox":0,"xOffsetBox":0,"yOffsetBox":0}},"Assets/Graphics/game.png 257 118":{"0":{"xTexture":261,"yTexture":122,"xSize":56,"ySize":15,"xOffset":-28,"yOffset":-7.5,"hasBox":false,"xSizeBox":0,"ySizeBox":0,"xOffsetBox":0,"yOffsetBox":0},"1":{"xTexture":322,"yTexture":122,"xSize":34,"ySize":14,"xOffset":-17,"yOffset":-7,"hasBox":false,"xSizeBox":0,"ySizeBox":0,"xOffsetBox":0,"yOffsetBox":0},"2":{"xTexture":361,"yTexture":122,"xSize":34,"ySize":14,"xOffset":-17,"yOffset":-7,"hasBox":false,"xSizeBox":0,"ySizeBox":0,"xOffsetBox":0,"yOffsetBox":0},"3":{"xTexture":400,"yTexture":122,"xSize":34,"ySize":14,"xOffset":-17,"yOffset":-7,"hasBox":false,"xSizeBox":0,"ySizeBox":0,"xOffsetBox":0,"yOffsetBox":0},"4":{"xTexture":439,"yTexture":122,"xSize":34,"ySize":14,"xOffset":-17,"yOffset":-7,"hasBox":false,"xSizeBox":0,"ySizeBox":0,"xOffsetBox":0,"yOffsetBox":0},"5":{"xTexture":478,"yTexture":122,"xSize":34,"ySize":14,"xOffset":-17,"yOffset":-7,"hasBox":false,"xSizeBox":0,"ySizeBox":0,"xOffsetBox":0,"yOffsetBox":0},"6":{"xTexture":517,"yTexture":122,"xSize":39,"ySize":14,"xOffset":-19.5,"yOffset":-7,"hasBox":false,"xSizeBox":0,"ySizeBox":0,"xOffsetBox":0,"yOffsetBox":0},"7":{"xTexture":561,"yTexture":122,"xSize":55,"ySize":14,"xOffset":-27.5,"yOffset":-7,"hasBox":false,"xSizeBox":0,"ySizeBox":0,"xOffsetBox":0,"yOffsetBox":0},"8":{"xTexture":621,"yTexture":122,"xSize":40,"ySize":14,"xOffset":-20,"yOffset":-7,"hasBox":false,"xSizeBox":0,"ySizeBox":0,"xOffsetBox":0,"yOffsetBox":0},"9":{"xTexture":666,"yTexture":122,"xSize":47,"ySize":14,"xOffset":-23.5,"yOffset":-7,"hasBox":false,"xSizeBox":0,"ySizeBox":0,"xOffsetBox":0,"yOffsetBox":0},"10":{"xTexture":718,"yTexture":122,"xSize":47,"ySize":14,"xOffset":-23.5,"yOffset":-7,"hasBox":false,"xSizeBox":0,"ySizeBox":0,"xOffsetBox":0,"yOffsetBox":0}},"Assets/Graphics/game.png 882 221":{"0":{"xTexture":886,"yTexture":225,"xSize":50,"ySize":14,"xOffset":-25,"yOffset":-7,"hasBox":false,"xSizeBox":0,"ySizeBox":0,"xOffsetBox":0,"yOffsetBox":0},"1":{"xTexture":941,"yTexture":225,"xSize":1,"ySize":1,"xOffset":-0.5,"yOffset":-0.5,"hasBox":false,"xSizeBox":0,"ySizeBox":0,"xOffsetBox":0,"yOffsetBox":0}},"Assets/Graphics/game.png 876 141":{"0":{"xTexture":880,"yTexture":145,"xSize":98,"ySize":71,"xOffset":-49,"yOffset":0,"hasBox":false,"xSizeBox":0,"ySizeBox":0,"xOffsetBox":0,"yOffsetBox":0}},"Assets/Graphics/game.png 793 187":{"0":{"xTexture":797,"yTexture":191,"xSize":31,"ySize":2,"xOffset":-15.5,"yOffset":0,"hasBox":false,"xSizeBox":0,"ySizeBox":0,"xOffsetBox":0,"yOffsetBox":0},"1":{"xTexture":833,"yTexture":191,"xSize":38,"ySize":2,"xOffset":-19,"yOffset":0,"hasBox":false,"xSizeBox":0,"ySizeBox":0,"xOffsetBox":0,"yOffsetBox":0}},"Assets/Graphics/game.png 696 222":{"0":{"xTexture":700,"yTexture":226,"xSize":34,"ySize":18,"xOffset":-33,"yOffset":-1,"hasBox":false,"xSizeBox":0,"ySizeBox":0,"xOffsetBox":0,"yOffsetBox":0}},"Assets/Graphics/game.png 643 222":{"0":{"xTexture":647,"yTexture":226,"xSize":28,"ySize":18,"xOffset":-1,"yOffset":-1,"hasBox":false,"xSizeBox":0,"ySizeBox":0,"xOffsetBox":0,"yOffsetBox":0},"1":{"xTexture":680,"yTexture":226,"xSize":3,"ySize":18,"xOffset":0,"yOffset":-1,"hasBox":false,"xSizeBox":0,"ySizeBox":0,"xOffsetBox":0,"yOffsetBox":0},"2":{"xTexture":688,"yTexture":226,"xSize":3,"ySize":15,"xOffset":0,"yOffset":-7,"hasBox":false,"xSizeBox":0,"ySizeBox":0,"xOffsetBox":0,"yOffsetBox":0}},"Assets/Graphics/game.png 257 142":{"0":{"xTexture":261,"yTexture":146,"xSize":39,"ySize":13,"xOffset":-1,"yOffset":-1,"hasBox":false,"xSizeBox":0,"ySizeBox":0,"xOffsetBox":0,"yOffsetBox":0},"1":{"xTexture":305,"yTexture":146,"xSize":39,"ySize":20,"xOffset":-1,"yOffset":-1,"hasBox":false,"xSizeBox":0,"ySizeBox":0,"xOffsetBox":0,"yOffsetBox":0},"2":{"xTexture":349,"yTexture":146,"xSize":40,"ySize":13,"xOffset":-20,"yOffset":-1,"hasBox":false,"xSizeBox":0,"ySizeBox":0,"xOffsetBox":0,"yOffsetBox":0},"3":{"xTexture":394,"yTexture":146,"xSize":40,"ySize":20,"xOffset":-20,"yOffset":-1,"hasBox":false,"xSizeBox":0,"ySizeBox":0,"xOffsetBox":0,"yOffsetBox":0},"4":{"xTexture":439,"yTexture":146,"xSize":39,"ySize":13,"xOffset":-38,"yOffset":-1,"hasBox":false,"xSizeBox":0,"ySizeBox":0,"xOffsetBox":0,"yOffsetBox":0},"5":{"xTexture":483,"yTexture":146,"xSize":39,"ySize":20,"xOffset":-38,"yOffset":-1,"hasBox":false,"xSizeBox":0,"ySizeBox":0,"xOffsetBox":0,"yOffsetBox":0},"6":{"xTexture":527,"yTexture":146,"xSize":39,"ySize":13,"xOffset":-1,"yOffset":-12,"hasBox":false,"xSizeBox":0,"ySizeBox":0,"xOffsetBox":0,"yOffsetBox":0},"7":{"xTexture":571,"yTexture":146,"xSize":39,"ySize":20,"xOffset":-1,"yOffset":-19,"hasBox":false,"xSizeBox":0,"ySizeBox":0,"xOffsetBox":0,"yOffsetBox":0},"8":{"xTexture":615,"yTexture":146,"xSize":40,"ySize":13,"xOffset":-20,"yOffset":-12,"hasBox":false,"xSizeBox":0,"ySizeBox":0,"xOffsetBox":0,"yOffsetBox":0},"9":{"xTexture":660,"yTexture":146,"xSize":40,"ySize":20,"xOffset":-20,"yOffset":-19,"hasBox":false,"xSizeBox":0,"ySizeBox":0,"xOffsetBox":0,"yOffsetBox":0},"10":{"xTexture":705,"yTexture":146,"xSize":39,"ySize":13,"xOffset":-38,"yOffset":-12,"hasBox":false,"xSizeBox":0,"ySizeBox":0,"xOffsetBox":0,"yOffsetBox":0},"11":{"xTexture":749,"yTexture":146,"xSize":39,"ySize":20,"xOffset":-38,"yOffset":-19,"hasBox":false,"xSizeBox":0,"ySizeBox":0,"xOffsetBox":0,"yOffsetBox":0},"12":{"xTexture":261,"yTexture":173,"xSize":39,"ySize":13,"xOffset":-1,"yOffset":-1,"hasBox":false,"xSizeBox":0,"ySizeBox":0,"xOffsetBox":0,"yOffsetBox":0},"13":{"xTexture":305,"yTexture":173,"xSize":39,"ySize":20,"xOffset":-1,"yOffset":-1,"hasBox":false,"xSizeBox":0,"ySizeBox":0,"xOffsetBox":0,"yOffsetBox":0},"14":{"xTexture":349,"yTexture":173,"xSize":40,"ySize":13,"xOffset":-20,"yOffset":-1,"hasBox":false,"xSizeBox":0,"ySizeBox":0,"xOffsetBox":0,"yOffsetBox":0},"15":{"xTexture":394,"yTexture":173,"xSize":40,"ySize":20,"xOffset":-20,"yOffset":-1,"hasBox":false,"xSizeBox":0,"ySizeBox":0,"xOffsetBox":0,"yOffsetBox":0},"16":{"xTexture":439,"yTexture":173,"xSize":39,"ySize":13,"xOffset":-38,"yOffset":-1,"hasBox":false,"xSizeBox":0,"ySizeBox":0,"xOffsetBox":0,"yOffsetBox":0},"17":{"xTexture":483,"yTexture":173,"xSize":39,"ySize":20,"xOffset":-38,"yOffset":-1,"hasBox":false,"xSizeBox":0,"ySizeBox":0,"xOffsetBox":0,"yOffsetBox":0},"18":{"xTexture":527,"yTexture":173,"xSize":39,"ySize":13,"xOffset":-1,"yOffset":-12,"hasBox":false,"xSizeBox":0,"ySizeBox":0,"xOffsetBox":0,"yOffsetBox":0},"19":{"xTexture":571,"yTexture":173,"xSize":39,"ySize":20,"xOffset":-1,"yOffset":-19,"hasBox":false,"xSizeBox":0,"ySizeBox":0,"xOffsetBox":0,"yOffsetBox":0},"20":{"xTexture":615,"yTexture":173,"xSize":40,"ySize":13,"xOffset":-20,"yOffset":-12,"hasBox":false,"xSizeBox":0,"ySizeBox":0,"xOffsetBox":0,"yOffsetBox":0},"21":{"xTexture":660,"yTexture":173,"xSize":40,"ySize":20,"xOffset":-20,"yOffset":-19,"hasBox":false,"xSizeBox":0,"ySizeBox":0,"xOffsetBox":0,"yOffsetBox":0},"22":{"xTexture":705,"yTexture":173,"xSize":39,"ySize":13,"xOffset":-38,"yOffset":-12,"hasBox":false,"xSizeBox":0,"ySizeBox":0,"xOffsetBox":0,"yOffsetBox":0},"23":{"xTexture":749,"yTexture":173,"xSize":39,"ySize":20,"xOffset":-38,"yOffset":-19,"hasBox":false,"xSizeBox":0,"ySizeBox":0,"xOffsetBox":0,"yOffsetBox":0}},"Assets/Graphics/game.png 594 222":{"0":{"xTexture":598,"yTexture":226,"xSize":40,"ySize":20,"xOffset":-20,"yOffset":-19,"hasBox":false,"xSizeBox":0,"ySizeBox":0,"xOffsetBox":0,"yOffsetBox":0}},"Assets/Graphics/game.png 0 48":{"0":{"xTexture":4,"yTexture":52,"xSize":45,"ySize":13,"xOffset":-1,"yOffset":-1,"hasBox":false,"xSizeBox":0,"ySizeBox":0,"xOffsetBox":0,"yOffsetBox":0},"1":{"xTexture":54,"yTexture":52,"xSize":45,"ySize":20,"xOffset":-1,"yOffset":-1,"hasBox":false,"xSizeBox":0,"ySizeBox":0,"xOffsetBox":0,"yOffsetBox":0},"2":{"xTexture":104,"yTexture":52,"xSize":45,"ySize":27,"xOffset":-1,"yOffset":-1,"hasBox":false,"xSizeBox":0,"ySizeBox":0,"xOffsetBox":0,"yOffsetBox":0},"3":{"xTexture":154,"yTexture":52,"xSize":46,"ySize":13,"xOffset":-23,"yOffset":-1,"hasBox":false,"xSizeBox":0,"ySizeBox":0,"xOffsetBox":0,"yOffsetBox":0},"4":{"xTexture":205,"yTexture":52,"xSize":46,"ySize":20,"xOffset":-23,"yOffset":-1,"hasBox":false,"xSizeBox":0,"ySizeBox":0,"xOffsetBox":0,"yOffsetBox":0},"5":{"xTexture":256,"yTexture":52,"xSize":46,"ySize":27,"xOffset":-23,"yOffset":-1,"hasBox":false,"xSizeBox":0,"ySizeBox":0,"xOffsetBox":0,"yOffsetBox":0},"6":{"xTexture":307,"yTexture":52,"xSize":45,"ySize":13,"xOffset":-44,"yOffset":-1,"hasBox":false,"xSizeBox":0,"ySizeBox":0,"xOffsetBox":0,"yOffsetBox":0},"7":{"xTexture":357,"yTexture":52,"xSize":45,"ySize":20,"xOffset":-44,"yOffset":-1,"hasBox":false,"xSizeBox":0,"ySizeBox":0,"xOffsetBox":0,"yOffsetBox":0},"8":{"xTexture":407,"yTexture":52,"xSize":45,"ySize":27,"xOffset":-44,"yOffset":-1,"hasBox":false,"xSizeBox":0,"ySizeBox":0,"xOffsetBox":0,"yOffsetBox":0},"9":{"xTexture":457,"yTexture":52,"xSize":45,"ySize":13,"xOffset":-1,"yOffset":-12,"hasBox":false,"xSizeBox":0,"ySizeBox":0,"xOffsetBox":0,"yOffsetBox":0},"10":{"xTexture":507,"yTexture":52,"xSize":45,"ySize":20,"xOffset":-1,"yOffset":-19,"hasBox":false,"xSizeBox":0,"ySizeBox":0,"xOffsetBox":0,"yOffsetBox":0},"11":{"xTexture":557,"yTexture":52,"xSize":45,"ySize":27,"xOffset":-1,"yOffset":-26,"hasBox":false,"xSizeBox":0,"ySizeBox":0,"xOffsetBox":0,"yOffsetBox":0},"12":{"xTexture":607,"yTexture":52,"xSize":46,"ySize":13,"xOffset":-23,"yOffset":-12,"hasBox":false,"xSizeBox":0,"ySizeBox":0,"xOffsetBox":0,"yOffsetBox":0},"13":{"xTexture":658,"yTexture":52,"xSize":46,"ySize":20,"xOffset":-23,"yOffset":-19,"hasBox":false,"xSizeBox":0,"ySizeBox":0,"xOffsetBox":0,"yOffsetBox":0},"14":{"xTexture":709,"yTexture":52,"xSize":46,"ySize":27,"xOffset":-23,"yOffset":-26,"hasBox":false,"xSizeBox":0,"ySizeBox":0,"xOffsetBox":0,"yOffsetBox":0},"15":{"xTexture":760,"yTexture":52,"xSize":45,"ySize":13,"xOffset":-44,"yOffset":-12,"hasBox":false,"xSizeBox":0,"ySizeBox":0,"xOffsetBox":0,"yOffsetBox":0},"16":{"xTexture":810,"yTexture":52,"xSize":45,"ySize":20,"xOffset":-44,"yOffset":-19,"hasBox":false,"xSizeBox":0,"ySizeBox":0,"xOffsetBox":0,"yOffsetBox":0},"17":{"xTexture":860,"yTexture":52,"xSize":45,"ySize":27,"xOffset":-44,"yOffset":-26,"hasBox":false,"xSizeBox":0,"ySizeBox":0,"xOffsetBox":0,"yOffsetBox":0},"18":{"xTexture":4,"yTexture":86,"xSize":45,"ySize":13,"xOffset":-1,"yOffset":-1,"hasBox":false,"xSizeBox":0,"ySizeBox":0,"xOffsetBox":0,"yOffsetBox":0},"19":{"xTexture":54,"yTexture":86,"xSize":45,"ySize":20,"xOffset":-1,"yOffset":-1,"hasBox":false,"xSizeBox":0,"ySizeBox":0,"xOffsetBox":0,"yOffsetBox":0},"20":{"xTexture":104,"yTexture":86,"xSize":45,"ySize":27,"xOffset":-1,"yOffset":-1,"hasBox":false,"xSizeBox":0,"ySizeBox":0,"xOffsetBox":0,"yOffsetBox":0},"21":{"xTexture":154,"yTexture":86,"xSize":46,"ySize":13,"xOffset":-23,"yOffset":-1,"hasBox":false,"xSizeBox":0,"ySizeBox":0,"xOffsetBox":0,"yOffsetBox":0},"22":{"xTexture":205,"yTexture":86,"xSize":46,"ySize":20,"xOffset":-23,"yOffset":-1,"hasBox":false,"xSizeBox":0,"ySizeBox":0,"xOffsetBox":0,"yOffsetBox":0},"23":{"xTexture":256,"yTexture":86,"xSize":46,"ySize":27,"xOffset":-23,"yOffset":-1,"hasBox":false,"xSizeBox":0,"ySizeBox":0,"xOffsetBox":0,"yOffsetBox":0},"24":{"xTexture":307,"yTexture":86,"xSize":45,"ySize":13,"xOffset":-44,"yOffset":-1,"hasBox":false,"xSizeBox":0,"ySizeBox":0,"xOffsetBox":0,"yOffsetBox":0},"25":{"xTexture":357,"yTexture":86,"xSize":45,"ySize":20,"xOffset":-44,"yOffset":-1,"hasBox":false,"xSizeBox":0,"ySizeBox":0,"xOffsetBox":0,"yOffsetBox":0},"26":{"xTexture":407,"yTexture":86,"xSize":45,"ySize":27,"xOffset":-44,"yOffset":-1,"hasBox":false,"xSizeBox":0,"ySizeBox":0,"xOffsetBox":0,"yOffsetBox":0},"27":{"xTexture":457,"yTexture":86,"xSize":45,"ySize":13,"xOffset":-1,"yOffset":-12,"hasBox":false,"xSizeBox":0,"ySizeBox":0,"xOffsetBox":0,"yOffsetBox":0},"28":{"xTexture":507,"yTexture":86,"xSize":45,"ySize":20,"xOffset":-1,"yOffset":-19,"hasBox":false,"xSizeBox":0,"ySizeBox":0,"xOffsetBox":0,"yOffsetBox":0},"29":{"xTexture":557,"yTexture":86,"xSize":45,"ySize":27,"xOffset":-1,"yOffset":-26,"hasBox":false,"xSizeBox":0,"ySizeBox":0,"xOffsetBox":0,"yOffsetBox":0},"30":{"xTexture":607,"yTexture":86,"xSize":46,"ySize":13,"xOffset":-23,"yOffset":-12,"hasBox":false,"xSizeBox":0,"ySizeBox":0,"xOffsetBox":0,"yOffsetBox":0},"31":{"xTexture":658,"yTexture":86,"xSize":46,"ySize":20,"xOffset":-23,"yOffset":-19,"hasBox":false,"xSizeBox":0,"ySizeBox":0,"xOffsetBox":0,"yOffsetBox":0},"32":{"xTexture":709,"yTexture":86,"xSize":46,"ySize":27,"xOffset":-23,"yOffset":-26,"hasBox":false,"xSizeBox":0,"ySizeBox":0,"xOffsetBox":0,"yOffsetBox":0},"33":{"xTexture":760,"yTexture":86,"xSize":45,"ySize":13,"xOffset":-44,"yOffset":-12,"hasBox":false,"xSizeBox":0,"ySizeBox":0,"xOffsetBox":0,"yOffsetBox":0},"34":{"xTexture":810,"yTexture":86,"xSize":45,"ySize":20,"xOffset":-44,"yOffset":-19,"hasBox":false,"xSizeBox":0,"ySizeBox":0,"xOffsetBox":0,"yOffsetBox":0},"35":{"xTexture":860,"yTexture":86,"xSize":45,"ySize":27,"xOffset":-44,"yOffset":-26,"hasBox":false,"xSizeBox":0,"ySizeBox":0,"xOffsetBox":0,"yOffsetBox":0}},"Assets/Graphics/game.png 822 198":{"0":{"xTexture":826,"yTexture":202,"xSize":40,"ySize":13,"xOffset":-20,"yOffset":-12,"hasBox":false,"xSizeBox":0,"ySizeBox":0,"xOffsetBox":0,"yOffsetBox":0}},"Assets/Graphics/game.png 759 265":{"0":{"xTexture":763,"yTexture":269,"xSize":60,"ySize":27,"xOffset":-30,"yOffset":0,"hasBox":false,"xSizeBox":0,"ySizeBox":0,"xOffsetBox":0,"yOffsetBox":0}},"Assets/Graphics/game.png 910 48":{"0":{"xTexture":914,"yTexture":52,"xSize":98,"ySize":54,"xOffset":-49,"yOffset":0,"hasBox":false,"xSizeBox":0,"ySizeBox":0,"xOffsetBox":0,"yOffsetBox":0}},"Assets/Graphics/game.png 758 388":{"0":{"xTexture":762,"yTexture":392,"xSize":13,"ySize":7,"xOffset":-6.5,"yOffset":-3.5,"hasBox":true,"xSizeBox":11,"ySizeBox":7,"xOffsetBox":-5.5,"yOffsetBox":-3.5}},"Assets/Graphics/game.png 849 236":{"0":{"xTexture":853,"yTexture":240,"xSize":4,"ySize":4,"xOffset":-2,"yOffset":-2,"hasBox":true,"xSizeBox":2,"ySizeBox":2,"xOffsetBox":-1,"yOffsetBox":-1},"1":{"xTexture":862,"yTexture":240,"xSize":3,"ySize":3,"xOffset":-1.5,"yOffset":-1.5,"hasBox":true,"xSizeBox":1,"ySizeBox":1,"xOffsetBox":-0.5,"yOffsetBox":-0.5},"2":{"xTexture":870,"yTexture":240,"xSize":1,"ySize":1,"xOffset":-0.5,"yOffset":-0.5,"hasBox":true,"xSizeBox":1,"ySizeBox":1,"xOffsetBox":-0.5,"yOffsetBox":-0.5},"3":{"xTexture":876,"yTexture":240,"xSize":1,"ySize":1,"xOffset":-0.5,"yOffset":-0.5,"hasBox":true,"xSizeBox":1,"ySizeBox":1,"xOffsetBox":-0.5,"yOffsetBox":-0.5}},"Assets/Graphics/game.png 491 269":{"0":{"xTexture":495,"yTexture":273,"xSize":39,"ySize":39,"xOffset":0,"yOffset":0,"hasBox":false,"xSizeBox":0,"ySizeBox":0,"xOffsetBox":0,"yOffsetBox":0},"1":{"xTexture":539,"yTexture":273,"xSize":39,"ySize":39,"xOffset":0,"yOffset":0,"hasBox":false,"xSizeBox":0,"ySizeBox":0,"xOffsetBox":0,"yOffsetBox":0},"2":{"xTexture":583,"yTexture":273,"xSize":39,"ySize":39,"xOffset":0,"yOffset":0,"hasBox":false,"xSizeBox":0,"ySizeBox":0,"xOffsetBox":0,"yOffsetBox":0},"3":{"xTexture":627,"yTexture":273,"xSize":39,"ySize":39,"xOffset":0,"yOffset":0,"hasBox":false,"xSizeBox":0,"ySizeBox":0,"xOffsetBox":0,"yOffsetBox":0}},"Assets/Graphics/game.png 313 269":{"0":{"xTexture":317,"yTexture":273,"xSize":38,"ySize":39,"xOffset":0,"yOffset":0,"hasBox":false,"xSizeBox":0,"ySizeBox":0,"xOffsetBox":0,"yOffsetBox":0},"1":{"xTexture":360,"yTexture":273,"xSize":38,"ySize":39,"xOffset":0,"yOffset":0,"hasBox":false,"xSizeBox":0,"ySizeBox":0,"xOffsetBox":0,"yOffsetBox":0}},"Assets/Graphics/game.png 403 269":{"0":{"xTexture":407,"yTexture":273,"xSize":37,"ySize":39,"xOffset":0,"yOffset":0,"hasBox":false,"xSizeBox":0,"ySizeBox":0,"xOffsetBox":0,"yOffsetBox":0},"1":{"xTexture":449,"yTexture":273,"xSize":37,"ySize":39,"xOffset":0,"yOffset":0,"hasBox":false,"xSizeBox":0,"ySizeBox":0,"xOffsetBox":0,"yOffsetBox":0}},"Assets/Graphics/game.png 489 252":{"0":{"xTexture":493,"yTexture":256,"xSize":5,"ySize":5,"xOffset":-2.5,"yOffset":-5,"hasBox":true,"xSizeBox":5,"ySizeBox":2,"xOffsetBox":-2.5,"yOffsetBox":-3},"1":{"xTexture":503,"yTexture":256,"xSize":5,"ySize":5,"xOffset":-2.5,"yOffset":-5,"hasBox":true,"xSizeBox":5,"ySizeBox":3,"xOffsetBox":-2.5,"yOffsetBox":-3},"2":{"xTexture":513,"yTexture":256,"xSize":5,"ySize":5,"xOffset":-2.5,"yOffset":-5,"hasBox":true,"xSizeBox":5,"ySizeBox":2,"xOffsetBox":-2.5,"yOffsetBox":-2},"3":{"xTexture":523,"yTexture":256,"xSize":5,"ySize":5,"xOffset":-2.5,"yOffset":-5,"hasBox":true,"xSizeBox":5,"ySizeBox":1,"xOffsetBox":-2.5,"yOffsetBox":-1}},"Assets/Graphics/game.png 541 252":{"0":{"xTexture":545,"yTexture":256,"xSize":5,"ySize":5,"xOffset":0,"yOffset":-2.5,"hasBox":true,"xSizeBox":3,"ySizeBox":5,"xOffsetBox":0,"yOffsetBox":-2.5},"1":{"xTexture":555,"yTexture":256,"xSize":5,"ySize":5,"xOffset":0,"yOffset":-2.5,"hasBox":true,"xSizeBox":3,"ySizeBox":5,"xOffsetBox":0,"yOffsetBox":-2.5},"2":{"xTexture":565,"yTexture":256,"xSize":5,"ySize":5,"xOffset":0,"yOffset":-2.5,"hasBox":true,"xSizeBox":2,"ySizeBox":5,"xOffsetBox":0,"yOffsetBox":-2.5},"3":{"xTexture":575,"yTexture":256,"xSize":5,"ySize":5,"xOffset":0,"yOffset":-2.5,"hasBox":true,"xSizeBox":1,"ySizeBox":5,"xOffsetBox":0,"yOffsetBox":-2.5}},"Assets/Graphics/game.png 593 252":{"0":{"xTexture":597,"yTexture":256,"xSize":5,"ySize":5,"xOffset":-2.5,"yOffset":0,"hasBox":true,"xSizeBox":5,"ySizeBox":3,"xOffsetBox":-2.5,"yOffsetBox":0},"1":{"xTexture":607,"yTexture":256,"xSize":5,"ySize":5,"xOffset":-2.5,"yOffset":0,"hasBox":true,"xSizeBox":5,"ySizeBox":3,"xOffsetBox":-2.5,"yOffsetBox":0},"2":{"xTexture":617,"yTexture":256,"xSize":5,"ySize":5,"xOffset":-2.5,"yOffset":0,"hasBox":true,"xSizeBox":5,"ySizeBox":2,"xOffsetBox":-2.5,"yOffsetBox":0},"3":{"xTexture":627,"yTexture":256,"xSize":5,"ySize":5,"xOffset":-2.5,"yOffset":0,"hasBox":true,"xSizeBox":5,"ySizeBox":1,"xOffsetBox":-2.5,"yOffsetBox":0}},"Assets/Graphics/game.png 645 252":{"0":{"xTexture":649,"yTexture":256,"xSize":5,"ySize":5,"xOffset":-5,"yOffset":-2.5,"hasBox":true,"xSizeBox":3,"ySizeBox":5,"xOffsetBox":-3,"yOffsetBox":-2.5},"1":{"xTexture":659,"yTexture":256,"xSize":5,"ySize":5,"xOffset":-5,"yOffset":-2.5,"hasBox":true,"xSizeBox":3,"ySizeBox":3,"xOffsetBox":-3,"yOffsetBox":-1.5},"2":{"xTexture":669,"yTexture":256,"xSize":5,"ySize":5,"xOffset":-5,"yOffset":-2.5,"hasBox":true,"xSizeBox":2,"ySizeBox":3,"xOffsetBox":-2,"yOffsetBox":-1.5},"3":{"xTexture":679,"yTexture":256,"xSize":5,"ySize":5,"xOffset":-5,"yOffset":-2.5,"hasBox":true,"xSizeBox":1,"ySizeBox":3,"xOffsetBox":-1,"yOffsetBox":-1.5}},"Assets/Graphics/game.png 257 255":{"0":{"xTexture":261,"yTexture":259,"xSize":8,"ySize":8,"xOffset":0,"yOffset":0,"hasBox":false,"xSizeBox":0,"ySizeBox":0,"xOffsetBox":0,"yOffsetBox":0},"1":{"xTexture":274,"yTexture":259,"xSize":8,"ySize":8,"xOffset":0,"yOffset":0,"hasBox":false,"xSizeBox":0,"ySizeBox":0,"xOffsetBox":0,"yOffsetBox":0},"2":{"xTexture":287,"yTexture":259,"xSize":8,"ySize":8,"xOffset":0,"yOffset":0,"hasBox":false,"xSizeBox":0,"ySizeBox":0,"xOffsetBox":0,"yOffsetBox":0},"3":{"xTexture":300,"yTexture":259,"xSize":8,"ySize":8,"xOffset":0,"yOffset":0,"hasBox":false,"xSizeBox":0,"ySizeBox":0,"xOffsetBox":0,"yOffsetBox":0},"4":{"xTexture":261,"yTexture":274,"xSize":8,"ySize":8,"xOffset":0,"yOffset":0,"hasBox":false,"xSizeBox":0,"ySizeBox":0,"xOffsetBox":0,"yOffsetBox":0},"5":{"xTexture":274,"yTexture":274,"xSize":8,"ySize":8,"xOffset":0,"yOffset":0,"hasBox":false,"xSizeBox":0,"ySizeBox":0,"xOffsetBox":0,"yOffsetBox":0},"6":{"xTexture":287,"yTexture":274,"xSize":8,"ySize":8,"xOffset":0,"yOffset":0,"hasBox":false,"xSizeBox":0,"ySizeBox":0,"xOffsetBox":0,"yOffsetBox":0},"7":{"xTexture":300,"yTexture":274,"xSize":8,"ySize":8,"xOffset":0,"yOffset":0,"hasBox":false,"xSizeBox":0,"ySizeBox":0,"xOffsetBox":0,"yOffsetBox":0},"8":{"xTexture":261,"yTexture":289,"xSize":8,"ySize":8,"xOffset":0,"yOffset":0,"hasBox":false,"xSizeBox":0,"ySizeBox":0,"xOffsetBox":0,"yOffsetBox":0},"9":{"xTexture":274,"yTexture":289,"xSize":8,"ySize":8,"xOffset":0,"yOffset":0,"hasBox":false,"xSizeBox":0,"ySizeBox":0,"xOffsetBox":0,"yOffsetBox":0},"10":{"xTexture":287,"yTexture":289,"xSize":8,"ySize":8,"xOffset":0,"yOffset":0,"hasBox":false,"xSizeBox":0,"ySizeBox":0,"xOffsetBox":0,"yOffsetBox":0},"11":{"xTexture":300,"yTexture":289,"xSize":8,"ySize":8,"xOffset":0,"yOffset":0,"hasBox":false,"xSizeBox":0,"ySizeBox":0,"xOffsetBox":0,"yOffsetBox":0},"12":{"xTexture":261,"yTexture":304,"xSize":8,"ySize":8,"xOffset":0,"yOffset":0,"hasBox":false,"xSizeBox":0,"ySizeBox":0,"xOffsetBox":0,"yOffsetBox":0},"13":{"xTexture":274,"yTexture":304,"xSize":8,"ySize":8,"xOffset":0,"yOffset":0,"hasBox":false,"xSizeBox":0,"ySizeBox":0,"xOffsetBox":0,"yOffsetBox":0},"14":{"xTexture":287,"yTexture":304,"xSize":8,"ySize":8,"xOffset":0,"yOffset":0,"hasBox":false,"xSizeBox":0,"ySizeBox":0,"xOffsetBox":0,"yOffsetBox":0},"15":{"xTexture":300,"yTexture":304,"xSize":8,"ySize":8,"xOffset":0,"yOffset":0,"hasBox":false,"xSizeBox":0,"ySizeBox":0,"xOffsetBox":0,"yOffsetBox":0}}}