{ "compressionlevel":0,
 "editorsettings":
    {
     "export":
        {
         "target":"."
        }
    },
 "height":10,
 "infinite":false,
 "layers":[
        {
         "data":[269, 269, 269, 269, 269, 269, 269, 269, 269, 269, 269, 269, 269, 269, 269, 269, 269, 269, 269, 269, 269, 269, 269, 269, 269, 269, 269, 269, 269, 269, 269, 269, 269, 269, 269, 269, 269, 269, 269, 269, 269, 269, 269, 269, 269, 269, 269, 269, 269, 269, 269, 269, 269, 269, 269, 269, 269, 269, 269, 269, 269, 269, 269, 269, 269, 269, 269, 269, 269, 269, 269, 269, 269, 269, 269, 269, 269, 269, 269, 269, 269, 269, 269, 269, 269, 269, 269, 269, 269, 269, 269, 269, 269, 269, 269, 269, 269, 269, 269, 269, 269, 269, 269, 269, 269, 269, 269, 269, 269, 269, 269, 269, 269, 269, 269, 269, 269, 269, 269, 269, 269, 269, 269, 269, 269, 269, 269, 269, 269, 269, 269, 269, 269, 269, 269, 269, 269, 269, 269, 269, 269, 269, 269, 269, 269, 269, 269, 269, 269, 269, 269, 269, 269, 269, 269, 269, 269, 269, 269, 269, 269, 269, 269, 269, 269, 269, 269, 269, 269, 269, 269, 269, 269, 269, 269, 269, 269, 269, 269, 269],
         "height":10,
         "id":22,
         "name":"Back(Repeat)",
         "opacity":1,
         "type":"tilelayer",
         "visible":true,
         "width":18,
         "x":0,
         "y":0
        }, 
        {
         "data":[648, 648, 648, 648, 648, 648, 647, 642, 643, 643, 644, 646, 648, 648, 648, 648, 648, 648, 644, 646, 648, 648, 647, 642, 643, 641, 641, 641, 641, 643, 644, 646, 648, 648, 647, 642, 641, 644, 646, 647, 642, 641, 641, 641, 641, 641, 641, 641, 641, 644, 646, 647, 642, 641, 641, 641, 643, 643, 641, 641, 641, 641, 641, 641, 641, 641, 641, 641, 643, 643, 641, 641, 641, 641, 641, 641, 641, 526, 521, 522, 522, 522, 522, 523, 525, 641, 641, 641, 641, 641, 525, 643, 641, 526, 521, 522, 522, 522, 522, 523, 525, 641, 643, 643, 526, 521, 520, 526, 523, 521, 522, 522, 520, 520, 520, 520, 520, 520, 522, 522, 522, 522, 522, 520, 519, 521, 520, 519, 514, 515, 515, 515, 515, 516, 518, 519, 514, 515, 515, 516, 518, 519, 514, 520, 520, 520, 519, 514, 513, 513, 513, 513, 515, 515, 513, 513, 513, 513, 513, 518, 520, 520, 514, 515, 515, 513, 513, 513, 513, 513, 515, 515, 513, 513, 513, 513, 513, 515, 515, 516],
         "height":10,
         "id":21,
         "name":"Sky",
         "opacity":1,
         "type":"tilelayer",
         "visible":true,
         "width":18,
         "x":0,
         "y":0
        }, 
        {
         "data":[269, 269, 269, 269, 269, 269, 269, 269, 269, 269, 269, 269, 269, 269, 269, 269, 269, 269, 269, 269, 269, 269, 269, 269, 269, 269, 269, 269, 269, 269, 269, 269, 269, 269, 269, 269, 269, 269, 269, 269, 269, 269, 269, 269, 269, 269, 269, 269, 269, 269, 269, 269, 269, 269, 269, 269, 269, 269, 269, 269, 269, 269, 269, 269, 269, 269, 269, 269, 269, 269, 269, 269, 398, 387, 387, 387, 387, 387, 387, 387, 387, 387, 387, 387, 387, 387, 387, 387, 387, 396, 260, 0, 0, 0, 0, 0, 0, 0, 0, 0, 0, 0, 0, 0, 0, 0, 0, 258, 260, 0, 0, 0, 0, 0, 0, 0, 0, 0, 0, 0, 0, 0, 0, 5, 0, 258, 260, 0, 0, 0, 0, 0, 0, 0, 0, 0, 0, 0, 0, 0, 0, 0, 0, 258, 142, 131, 131, 132, 0, 0, 0, 0, 0, 0, 0, 0, 0, 0, 130, 131, 131, 140, 269, 269, 269, 142, 131, 131, 131, 131, 131, 131, 131, 131, 131, 131, 140, 269, 269, 269],
         "height":10,
         "id":9,
         "name":"Terrain",
         "opacity":1,
         "type":"tilelayer",
         "visible":true,
         "width":18,
         "x":0,
         "y":0
        }, 
        {
         "data":[0, 0, 0, 0, 0, 0, 0, 0, 0, 0, 0, 0, 0, 0, 0, 0, 0, 0, 0, 0, 0, 0, 0, 0, 0, 0, 0, 0, 0, 0, 0, 0, 0, 0, 0, 0, 0, 0, 0, 0, 0, 0, 0, 0, 0, 0, 0, 0, 0, 0, 0, 0, 0, 0, 0, 0, 0, 0, 0, 0, 0, 0, 0, 0, 0, 0, 0, 0, 0, 0, 0, 0, 0, 0, 0, 0, 0, 0, 0, 0, 0, 0, 0, 0, 0, 0, 0, 0, 0, 0, 0, 0, 0, 0, 0, 0, 0, 0, 0, 0, 0, 0, 0, 0, 0, 0, 0, 0, 0, 0, 0, 0, 0, 0, 0, 0, 0, 0, 0, 0, 0, 0, 0, 0, 0, 0, 0, 0, 0, 0, 0, 0, 0, 0, 0, 0, 0, 0, 0, 0, 0, 0, 0, 0, 0, 0, 0, 0, 0, 0, 0, 0, 0, 0, 0, 0, 0, 0, 0, 0, 0, 0, 0, 0, 0, 0, 147, 148, 148, 148, 148, 148, 148, 148, 148, 149, 0, 0, 0, 0],
         "height":10,
         "id":23,
         "name":"Sticky",
         "opacity":1,
         "type":"tilelayer",
         "visible":true,
         "width":18,
         "x":0,
         "y":0
        }, 
        {
         "draworder":"topdown",
         "id":5,
         "name":"Entities",
         "objects":[
                {
                 "gid":3,
                 "height":8,
                 "id":191,
                 "name":"",
                 "rotation":0,
                 "type":"",
                 "visible":true,
                 "width":8,
                 "x":16,
                 "y":64
                }],
         "opacity":1,
         "type":"objectgroup",
         "visible":true,
         "x":0,
         "y":0
        }],
 "nextlayerid":24,
 "nextobjectid":286,
 "orientation":"orthogonal",
 "renderorder":"right-down",
 "tiledversion":"1.4.3",
 "tileheight":8,
 "tilesets":[
        {
         "firstgid":1,
         "source":"TilesetGame.json"
        }],
 "tilewidth":8,
 "type":"map",
 "version":1.4,
 "width":18
}