{ "compressionlevel":0,
 "editorsettings":
    {
     "export":
        {
         "target":"."
        }
    },
 "height":12,
 "infinite":false,
 "layers":[
        {
         "data":[0, 641, 643, 643, 643, 643, 641, 641, 641, 643, 643, 643, 643, 643, 644, 646, 647, 642, 641, 641, 641, 644, 0, 0, 641, 641, 641, 641, 641, 641, 641, 526, 521, 522, 522, 522, 523, 525, 643, 643, 641, 641, 641, 641, 641, 0, 520, 522, 523, 525, 641, 521, 522, 522, 522, 520, 520, 520, 520, 520, 522, 523, 525, 641, 641, 641, 526, 521, 0, 0, 520, 520, 522, 522, 520, 520, 520, 520, 520, 520, 520, 520, 520, 520, 520, 522, 522, 522, 522, 522, 520, 0, 0, 520, 520, 520, 520, 520, 520, 520, 520, 520, 520, 520, 520, 520, 519, 514, 515, 515, 516, 518, 520, 520, 0, 0, 520, 520, 520, 520, 520, 520, 520, 520, 520, 520, 519, 514, 515, 515, 513, 513, 513, 513, 515, 516, 518, 0, 0, 520, 519, 514, 515, 516, 518, 520, 519, 514, 515, 515, 513, 513, 513, 0, 0, 0, 0, 0, 0, 0, 0, 0, 514, 515, 513, 513, 513, 515, 515, 515, 513, 513, 513, 513, 513, 0, 0, 0, 0, 0, 0, 0, 0, 0, 0, 513, 513, 513, 513, 513, 513, 513, 513, 513, 513, 513, 513, 513, 0, 0, 0, 0, 0, 0, 0, 0, 0, 0, 513, 513, 513, 513, 513, 513, 513, 513, 513, 513, 513, 513, 513, 0, 0, 0, 0, 0, 0, 0, 0, 0, 0, 513, 513, 513, 513, 513, 513, 513, 0, 0, 0, 0, 0, 0, 0, 0, 0, 0, 0, 0, 0, 0, 0, 0, 0, 0, 0, 0, 0, 0, 0, 0, 0, 0, 0, 0, 0, 0, 0, 0, 0, 0, 0, 0, 0, 0],
         "height":12,
         "id":21,
         "name":"Sky",
         "opacity":1,
         "type":"tilelayer",
         "visible":true,
         "width":23,
         "x":0,
         "y":0
        }, 
        {
         "data":[398, 387, 387, 387, 387, 387, 387, 387, 387, 387, 387, 387, 387, 387, 387, 387, 387, 387, 387, 387, 387, 387, 396, 260, 643, 0, 0, 0, 643, 643, 0, 0, 0, 0, 0, 0, 0, 0, 0, 0, 0, 0, 0, 643, 644, 258, 260, 0, 0, 0, 0, 0, 0, 0, 0, 0, 0, 0, 0, 0, 0, 0, 0, 0, 0, 0, 0, 0, 258, 260, 0, 0, 0, 0, 0, 0, 0, 0, 0, 0, 0, 0, 0, 0, 0, 0, 0, 0, 0, 5, 0, 258, 260, 0, 0, 0, 0, 0, 0, 0, 0, 0, 0, 0, 0, 0, 0, 0, 0, 0, 0, 0, 0, 0, 258, 260, 0, 0, 0, 0, 0, 0, 0, 0, 0, 0, 0, 0, 0, 0, 0, 0, 8, 8, 0, 0, 0, 258, 260, 0, 0, 0, 0, 0, 0, 0, 0, 0, 0, 0, 0, 0, 130, 131, 131, 131, 131, 131, 131, 131, 140, 260, 0, 0, 0, 0, 0, 0, 0, 0, 0, 0, 0, 0, 0, 258, 269, 269, 269, 269, 269, 269, 269, 269, 260, 0, 0, 0, 0, 0, 0, 0, 0, 0, 0, 0, 0, 0, 258, 269, 269, 269, 269, 269, 269, 269, 269, 260, 0, 0, 0, 0, 0, 0, 0, 130, 131, 131, 132, 8, 8, 258, 269, 269, 269, 269, 269, 269, 269, 269, 260, 0, 0, 130, 131, 132, 0, 0, 258, 269, 269, 142, 131, 131, 140, 269, 269, 269, 269, 269, 269, 269, 269, 142, 131, 131, 140, 269, 142, 131, 131, 140, 269, 269, 269, 269, 269, 269, 269, 269, 269, 269, 269, 269, 269, 269],
         "height":12,
         "id":9,
         "name":"Terrain",
         "opacity":1,
         "type":"tilelayer",
         "visible":true,
         "width":23,
         "x":0,
         "y":0
        }, 
        {
         "draworder":"topdown",
         "id":5,
         "name":"Entities",
         "objects":[
                {
                 "gid":3,
                 "height":8,
                 "id":191,
                 "name":"",
                 "rotation":0,
                 "type":"",
                 "visible":true,
                 "width":8,
                 "x":32,
                 "y":80
                }],
         "opacity":1,
         "type":"objectgroup",
         "visible":true,
         "x":0,
         "y":0
        }],
 "nextlayerid":24,
 "nextobjectid":257,
 "orientation":"orthogonal",
 "renderorder":"right-down",
 "tiledversion":"1.4.3",
 "tileheight":8,
 "tilesets":[
        {
         "firstgid":1,
         "source":"TilesetGame.json"
        }],
 "tilewidth":8,
 "type":"map",
 "version":1.4,
 "width":23
}