{ "compressionlevel":0,
 "editorsettings":
    {
     "export":
        {
         "target":"."
        }
    },
 "height":18,
 "infinite":false,
 "layers":[
        {
         "data":[0, 0, 0, 0, 0, 0, 0, 0, 0, 0, 0, 0, 0, 0, 0, 0, 0, 0, 0, 0, 0, 0, 527, 527, 527, 527, 527, 527, 527, 654, 649, 650, 651, 653, 527, 527, 527, 527, 527, 527, 527, 527, 527, 0, 0, 650, 650, 650, 651, 653, 654, 649, 648, 648, 648, 650, 650, 650, 650, 651, 653, 654, 649, 650, 650, 0, 0, 648, 648, 648, 648, 650, 650, 648, 648, 648, 648, 647, 642, 643, 644, 646, 650, 650, 648, 648, 648, 0, 648, 648, 648, 647, 642, 643, 644, 646, 648, 647, 642, 643, 641, 641, 641, 641, 644, 646, 648, 647, 642, 0, 0, 647, 642, 643, 641, 641, 641, 643, 643, 643, 641, 641, 641, 641, 641, 641, 641, 643, 643, 643, 641, 0, 643, 643, 641, 641, 641, 641, 641, 641, 641, 526, 521, 522, 523, 525, 641, 641, 641, 526, 641, 0, 0, 0, 0, 641, 641, 641, 641, 641, 641, 526, 521, 522, 520, 520, 520, 522, 523, 525, 526, 521, 0, 0, 0, 0, 0, 523, 525, 526, 521, 522, 522, 522, 520, 520, 520, 520, 520, 520, 520, 522, 522, 520, 0, 0, 0, 0, 0, 520, 522, 522, 520, 520, 520, 520, 0, 0, 0, 0, 0, 0, 0, 0, 0, 0, 0, 0, 0, 0, 0, 515, 516, 518, 520, 520, 520, 520, 0, 0, 0, 0, 0, 0, 0, 0, 0, 0, 0, 0, 0, 0, 0, 513, 513, 515, 516, 518, 520, 520, 520, 520, 520, 520, 520, 520, 520, 520, 520, 520, 520, 520, 519, 0, 0, 0, 0, 513, 513, 515, 516, 518, 520, 519, 514, 515, 515, 515, 516, 518, 520, 520, 519, 514, 515, 0, 0, 0, 513, 513, 513, 513, 513, 515, 515, 515, 513, 513, 513, 513, 513, 515, 515, 515, 515, 513, 513, 0, 0, 0, 0, 0, 513, 513, 513, 513, 513, 513, 513, 513, 513, 513, 513, 513, 513, 513, 513, 513, 513, 0, 0, 0, 0, 0, 513, 513, 513, 513, 0, 513, 513, 513, 0, 0, 0, 513, 513, 513, 513, 513, 513, 0, 0, 0, 0, 0, 0, 0, 0, 0, 0, 0, 0, 0, 0, 0, 0, 513, 513, 513, 513, 513, 513, 0, 0, 0, 0, 0, 0, 0, 0, 0, 0, 0, 0, 0, 0, 0, 0, 0, 0, 0, 0, 0, 0, 0],
         "height":18,
         "id":22,
         "name":"Sky",
         "opacity":1,
         "type":"tilelayer",
         "visible":true,
         "width":22,
         "x":0,
         "y":0
        }, 
        {
         "data":[398, 387, 387, 387, 387, 387, 387, 387, 387, 387, 387, 387, 387, 387, 387, 387, 387, 387, 387, 387, 387, 396, 260, 0, 0, 0, 0, 0, 0, 0, 0, 0, 0, 0, 0, 0, 0, 0, 0, 0, 0, 0, 0, 258, 260, 0, 0, 0, 0, 0, 0, 0, 0, 0, 0, 0, 0, 0, 0, 0, 0, 0, 0, 0, 0, 258, 260, 0, 0, 0, 0, 0, 0, 0, 0, 0, 0, 0, 0, 0, 0, 0, 0, 0, 0, 5, 0, 258, 260, 0, 0, 0, 0, 0, 0, 0, 0, 0, 0, 0, 0, 0, 0, 0, 0, 0, 0, 0, 0, 258, 260, 0, 0, 0, 0, 0, 0, 0, 0, 0, 0, 0, 0, 0, 0, 0, 0, 0, 0, 0, 0, 258, 260, 0, 0, 0, 0, 0, 0, 0, 0, 0, 0, 0, 0, 0, 0, 0, 0, 0, 130, 131, 131, 140, 260, 0, 0, 0, 0, 0, 0, 0, 0, 0, 0, 0, 0, 0, 0, 0, 0, 0, 258, 269, 269, 269, 260, 0, 0, 0, 0, 0, 0, 0, 0, 0, 0, 0, 0, 0, 0, 0, 0, 0, 258, 269, 269, 269, 260, 0, 0, 0, 0, 0, 0, 130, 131, 131, 131, 131, 131, 131, 131, 131, 131, 131, 140, 269, 269, 269, 260, 0, 0, 0, 0, 0, 0, 386, 387, 387, 387, 387, 387, 387, 387, 387, 387, 387, 387, 387, 387, 396, 260, 0, 0, 0, 0, 0, 0, 0, 0, 0, 0, 0, 0, 0, 0, 0, 0, 0, 0, 0, 0, 258, 142, 131, 131, 132, 0, 0, 0, 0, 0, 0, 0, 0, 0, 0, 0, 0, 0, 0, 0, 0, 0, 258, 269, 269, 269, 260, 0, 0, 0, 0, 0, 0, 0, 0, 0, 0, 0, 0, 0, 0, 0, 0, 0, 258, 269, 269, 269, 260, 0, 0, 0, 0, 0, 0, 0, 0, 0, 0, 0, 0, 0, 0, 0, 0, 0, 258, 269, 269, 269, 260, 8, 8, 130, 131, 131, 131, 131, 131, 131, 131, 131, 132, 0, 0, 0, 0, 0, 258, 269, 269, 269, 142, 131, 131, 140, 269, 269, 269, 269, 269, 269, 269, 269, 260, 0, 0, 0, 0, 0, 258, 269, 269, 269, 269, 269, 269, 269, 269, 269, 269, 269, 269, 269, 269, 269, 142, 131, 131, 131, 131, 131, 140],
         "height":18,
         "id":9,
         "name":"Terrain",
         "opacity":1,
         "type":"tilelayer",
         "visible":true,
         "width":22,
         "x":0,
         "y":0
        }, 
        {
         "data":[0, 0, 0, 0, 0, 0, 0, 0, 0, 0, 0, 0, 0, 0, 0, 0, 0, 0, 0, 0, 0, 0, 0, 0, 0, 0, 0, 0, 0, 0, 0, 0, 0, 0, 0, 0, 0, 0, 0, 0, 0, 0, 0, 0, 0, 0, 0, 0, 0, 0, 0, 0, 0, 0, 0, 0, 0, 0, 0, 0, 0, 0, 0, 0, 0, 0, 0, 0, 0, 0, 0, 0, 0, 0, 0, 0, 0, 0, 0, 0, 0, 0, 0, 0, 0, 0, 0, 0, 0, 0, 0, 0, 0, 0, 0, 0, 0, 0, 0, 0, 0, 0, 0, 0, 0, 0, 0, 0, 0, 0, 0, 0, 0, 0, 0, 0, 0, 0, 0, 0, 0, 0, 0, 0, 0, 0, 0, 0, 0, 0, 0, 0, 0, 0, 0, 0, 0, 0, 0, 0, 0, 0, 0, 0, 0, 0, 0, 0, 0, 0, 0, 0, 0, 0, 0, 0, 0, 0, 0, 0, 0, 0, 0, 0, 0, 0, 0, 0, 0, 0, 0, 0, 0, 0, 0, 0, 0, 0, 0, 0, 0, 0, 0, 0, 0, 0, 0, 0, 0, 0, 0, 0, 0, 0, 0, 0, 0, 0, 0, 0, 0, 0, 0, 0, 0, 0, 147, 148, 148, 148, 148, 148, 148, 148, 149, 0, 0, 0, 0, 0, 0, 0, 0, 0, 0, 0, 0, 0, 0, 0, 0, 0, 0, 0, 0, 0, 0, 0, 0, 0, 0, 0, 0, 0, 0, 0, 0, 0, 0, 0, 0, 0, 0, 0, 0, 0, 0, 0, 0, 0, 0, 0, 0, 0, 0, 0, 0, 0, 0, 0, 0, 0, 0, 0, 0, 0, 0, 0, 0, 0, 0, 0, 0, 0, 0, 0, 0, 0, 0, 0, 0, 0, 0, 0, 0, 0, 0, 0, 0, 0, 0, 0, 0, 0, 0, 0, 0, 0, 0, 0, 0, 0, 0, 0, 0, 0, 0, 0, 0, 0, 0, 0, 0, 0, 0, 0, 0, 0, 0, 0, 0, 0, 0, 0, 0, 0, 0, 0, 0, 0, 0, 0, 0, 0, 0, 0, 0, 0, 0, 0, 0, 0, 0, 0, 0, 0, 0, 0, 0, 0, 0, 0, 0, 0, 0, 0, 0, 0, 0, 0, 0, 0, 0, 0, 0, 0, 0, 0, 0, 0, 0, 0, 0, 0, 0, 0, 0, 0, 0, 0, 0, 0, 0, 0, 0, 0],
         "height":18,
         "id":23,
         "name":"Sticky",
         "opacity":1,
         "type":"tilelayer",
         "visible":true,
         "width":22,
         "x":0,
         "y":0
        }, 
        {
         "draworder":"topdown",
         "id":5,
         "name":"Entities",
         "objects":[
                {
                 "gid":2147483651,
                 "height":8,
                 "id":191,
                 "name":"",
                 "rotation":0,
                 "type":"",
                 "visible":true,
                 "width":8,
                 "x":144,
                 "y":136
                }, 
                {
                 "gid":15,
                 "height":8,
                 "id":261,
                 "name":"",
                 "rotation":0,
                 "type":"",
                 "visible":true,
                 "width":8,
                 "x":56,
                 "y":72
                }, 
                {
                 "gid":2147483663,
                 "height":8,
                 "id":262,
                 "name":"",
                 "rotation":0,
                 "type":"",
                 "visible":true,
                 "width":8,
                 "x":120,
                 "y":120
                }],
         "opacity":1,
         "type":"objectgroup",
         "visible":true,
         "x":0,
         "y":0
        }],
 "nextlayerid":24,
 "nextobjectid":263,
 "orientation":"orthogonal",
 "renderorder":"right-down",
 "tiledversion":"1.4.3",
 "tileheight":8,
 "tilesets":[
        {
         "firstgid":1,
         "source":"TilesetGame.json"
        }],
 "tilewidth":8,
 "type":"map",
 "version":1.4,
 "width":22
}