{ "compressionlevel":0,
 "editorsettings":
    {
     "export":
        {
         "target":"."
        }
    },
 "height":15,
 "infinite":false,
 "layers":[
        {
         "data":[0, 0, 0, 0, 654, 649, 650, 0, 0, 0, 0, 0, 0, 0, 0, 0, 0, 0, 0, 0, 0, 648, 650, 650, 648, 648, 648, 0, 0, 0, 0, 0, 0, 0, 0, 0, 0, 0, 0, 0, 644, 646, 648, 647, 642, 641, 644, 646, 651, 652, 649, 650, 0, 0, 0, 0, 0, 0, 0, 641, 644, 645, 642, 641, 641, 641, 644, 646, 650, 648, 648, 648, 648, 647, 642, 0, 0, 0, 0, 641, 643, 641, 641, 641, 641, 641, 643, 644, 645, 642, 643, 643, 643, 641, 0, 0, 0, 0, 0, 0, 641, 641, 641, 641, 641, 641, 641, 643, 641, 641, 641, 641, 641, 0, 0, 0, 0, 0, 0, 0, 0, 0, 0, 0, 0, 0, 0, 522, 522, 523, 525, 526, 0, 0, 0, 0, 0, 0, 0, 0, 0, 0, 0, 0, 0, 0, 520, 520, 520, 522, 522, 0, 0, 0, 0, 0, 0, 0, 0, 0, 0, 0, 521, 520, 520, 520, 520, 520, 520, 520, 0, 0, 521, 520, 520, 520, 520, 0, 0, 0, 0, 520, 520, 520, 520, 519, 514, 515, 0, 0, 0, 519, 514, 515, 516, 518, 520, 520, 520, 520, 520, 519, 514, 515, 515, 513, 513, 0, 0, 0, 0, 0, 513, 513, 515, 516, 518, 520, 519, 514, 515, 513, 513, 0, 0, 0, 0, 0, 0, 0, 0, 0, 513, 513, 513, 515, 515, 515, 513, 513, 0, 0, 0, 0, 0, 0, 0, 0, 0, 0, 0, 513, 513, 513, 513, 513, 513, 513, 513, 513, 0, 0, 0, 0, 0, 0, 0, 0, 0, 0, 0, 0, 0, 0, 0, 0, 0, 0, 0, 0, 0, 0, 0, 0, 0],
         "height":15,
         "id":21,
         "name":"Sky",
         "opacity":1,
         "type":"tilelayer",
         "visible":true,
         "width":19,
         "x":0,
         "y":0
        }, 
        {
         "data":[269, 398, 387, 387, 387, 387, 387, 396, 269, 269, 269, 269, 269, 269, 269, 269, 269, 269, 269, 269, 260, 0, 0, 0, 0, 0, 386, 387, 387, 387, 387, 387, 387, 396, 269, 269, 269, 269, 269, 260, 0, 5, 0, 0, 0, 10, 10, 10, 10, 10, 10, 10, 258, 269, 269, 269, 269, 269, 260, 0, 0, 0, 0, 0, 0, 0, 0, 0, 0, 0, 0, 386, 387, 387, 387, 396, 269, 142, 131, 131, 132, 0, 0, 0, 0, 0, 0, 0, 0, 0, 0, 0, 0, 0, 258, 269, 269, 269, 269, 260, 0, 0, 0, 0, 0, 0, 0, 0, 0, 0, 0, 0, 0, 258, 269, 269, 269, 269, 142, 131, 131, 131, 131, 131, 131, 131, 131, 132, 0, 0, 0, 0, 258, 269, 269, 269, 269, 269, 269, 269, 269, 269, 269, 269, 269, 269, 260, 0, 0, 0, 0, 258, 398, 387, 387, 387, 387, 387, 396, 269, 269, 398, 387, 387, 387, 388, 0, 0, 0, 0, 258, 260, 0, 0, 0, 0, 0, 258, 269, 269, 260, 0, 0, 0, 0, 0, 0, 130, 131, 140, 260, 0, 0, 0, 0, 0, 386, 387, 387, 388, 0, 0, 0, 0, 0, 0, 258, 269, 269, 142, 131, 131, 132, 0, 0, 0, 0, 0, 0, 0, 0, 130, 131, 131, 131, 140, 269, 269, 269, 269, 269, 260, 0, 0, 0, 0, 0, 0, 0, 0, 258, 269, 269, 269, 269, 269, 269, 269, 269, 269, 260, 0, 0, 0, 0, 0, 0, 0, 0, 258, 269, 269, 269, 269, 269, 269, 269, 269, 269, 142, 131, 131, 131, 131, 131, 131, 131, 131, 140, 269, 269, 269, 269, 269, 269],
         "height":15,
         "id":9,
         "name":"Terrain",
         "opacity":1,
         "type":"tilelayer",
         "visible":true,
         "width":19,
         "x":0,
         "y":0
        }, 
        {
         "data":[0, 0, 0, 0, 0, 0, 0, 0, 0, 0, 0, 0, 0, 0, 0, 0, 0, 0, 0, 0, 0, 0, 0, 0, 0, 0, 0, 0, 0, 0, 0, 0, 0, 0, 0, 0, 0, 0, 0, 0, 0, 0, 0, 0, 0, 0, 0, 0, 0, 0, 0, 0, 0, 0, 0, 0, 0, 0, 0, 0, 0, 0, 0, 0, 0, 0, 0, 0, 0, 0, 0, 0, 0, 0, 0, 0, 0, 0, 0, 0, 0, 0, 0, 0, 0, 0, 0, 0, 0, 0, 0, 0, 0, 0, 0, 0, 0, 0, 0, 0, 0, 0, 0, 0, 0, 0, 0, 0, 0, 0, 0, 0, 0, 0, 0, 0, 0, 0, 0, 147, 148, 148, 148, 148, 148, 148, 149, 0, 0, 0, 0, 0, 0, 0, 0, 0, 0, 0, 0, 0, 0, 0, 0, 0, 0, 0, 0, 0, 0, 0, 0, 0, 0, 0, 0, 0, 0, 0, 0, 0, 0, 0, 0, 0, 0, 0, 0, 0, 0, 0, 0, 0, 0, 0, 0, 0, 0, 0, 0, 0, 0, 0, 0, 0, 0, 0, 0, 0, 0, 0, 0, 0, 0, 0, 0, 0, 0, 403, 405, 0, 0, 0, 0, 0, 0, 0, 0, 0, 0, 0, 0, 0, 0, 0, 0, 0, 0, 0, 0, 0, 0, 0, 0, 147, 149, 0, 0, 0, 0, 0, 0, 0, 0, 0, 0, 0, 0, 0, 0, 0, 0, 0, 0, 0, 0, 0, 0, 0, 0, 0, 0, 0, 0, 0, 0, 0, 0, 0, 0, 0, 0, 0, 0, 0, 0, 0, 0, 0, 0, 0, 147, 148, 148, 148, 148, 148, 148, 149, 0, 0, 0, 0, 0, 0, 0],
         "height":15,
         "id":23,
         "name":"Sticky",
         "opacity":1,
         "type":"tilelayer",
         "visible":true,
         "width":19,
         "x":0,
         "y":0
        }, 
        {
         "draworder":"topdown",
         "id":5,
         "name":"Entities",
         "objects":[
                {
                 "gid":3,
                 "height":8,
                 "id":191,
                 "name":"",
                 "rotation":0,
                 "type":"",
                 "visible":true,
                 "width":8,
                 "x":16,
                 "y":88
                }, 
                {
                 "gid":15,
                 "height":8,
                 "id":291,
                 "name":"",
                 "rotation":0,
                 "type":"",
                 "visible":true,
                 "width":8,
                 "x":32,
                 "y":112
                }, 
                {
                 "gid":15,
                 "height":8,
                 "id":292,
                 "name":"",
                 "rotation":0,
                 "type":"",
                 "visible":true,
                 "width":8,
                 "x":40,
                 "y":48
                }, 
                {
                 "gid":13,
                 "height":8,
                 "id":293,
                 "name":"",
                 "rotation":0,
                 "type":"",
                 "visible":true,
                 "width":8,
                 "x":84,
                 "y":80
                }, 
                {
                 "gid":13,
                 "height":8,
                 "id":294,
                 "name":"",
                 "rotation":0,
                 "type":"",
                 "visible":true,
                 "width":8,
                 "x":132,
                 "y":40
                }, 
                {
                 "gid":13,
                 "height":8,
                 "id":295,
                 "name":"",
                 "rotation":0,
                 "type":"",
                 "visible":true,
                 "width":8,
                 "x":44,
                 "y":16
                }],
         "opacity":1,
         "type":"objectgroup",
         "visible":true,
         "x":0,
         "y":0
        }],
 "nextlayerid":24,
 "nextobjectid":297,
 "orientation":"orthogonal",
 "renderorder":"right-down",
 "tiledversion":"1.4.3",
 "tileheight":8,
 "tilesets":[
        {
         "firstgid":1,
         "source":"TilesetGame.json"
        }],
 "tilewidth":8,
 "type":"map",
 "version":1.4,
 "width":19
}