{ "compressionlevel":0,
 "editorsettings":
    {
     "export":
        {
         "target":"."
        }
    },
 "height":10,
 "infinite":false,
 "layers":[
        {
         "data":[0, 0, 0, 0, 0, 0, 0, 0, 0, 0, 0, 0, 0, 0, 0, 0, 0, 0, 0, 0, 0, 0, 0, 0, 0, 0, 0, 0, 0, 0, 647, 642, 643, 644, 644, 645, 642, 643, 641, 641, 641, 644, 646, 647, 642, 643, 643, 644, 646, 0, 0, 0, 0, 641, 525, 643, 641, 641, 641, 641, 643, 526, 521, 522, 523, 641, 641, 643, 643, 641, 641, 641, 641, 643, 0, 0, 0, 0, 520, 522, 522, 523, 525, 641, 526, 521, 522, 520, 520, 520, 523, 525, 526, 521, 522, 523, 525, 526, 521, 0, 0, 518, 520, 520, 520, 520, 520, 0, 0, 0, 0, 0, 0, 0, 0, 0, 0, 0, 0, 520, 520, 522, 522, 519, 520, 0, 516, 518, 520, 520, 519, 520, 0, 0, 0, 0, 0, 0, 0, 0, 0, 0, 0, 0, 520, 520, 520, 519, 514, 0, 513, 513, 515, 516, 517, 514, 0, 0, 0, 0, 0, 0, 0, 0, 0, 0, 513, 513, 515, 516, 518, 519, 514, 0, 0, 0, 513, 513, 513, 515, 513, 0, 0, 0, 0, 0, 0, 0, 0, 0, 0, 513, 513, 513, 513, 515, 515, 513, 0, 0, 0, 0, 0, 0, 0, 0, 0, 0, 0, 0, 0, 0, 0, 0, 0, 0, 0, 0, 0, 0, 513, 513, 513, 0, 0, 0, 0, 0, 0, 0, 0, 0, 0, 0, 0, 0, 0, 0, 0, 0, 0, 0, 0, 0, 0, 0, 0, 0, 0, 0],
         "height":10,
         "id":21,
         "name":"Sky",
         "opacity":1,
         "type":"tilelayer",
         "visible":true,
         "width":25,
         "x":0,
         "y":0
        }, 
        {
         "data":[269, 269, 269, 269, 269, 398, 387, 387, 400, 387, 387, 387, 387, 387, 387, 387, 387, 400, 387, 387, 387, 387, 387, 387, 396, 269, 269, 269, 398, 387, 388, 0, 0, 385, 0, 0, 0, 0, 0, 0, 0, 0, 385, 0, 0, 0, 0, 0, 0, 258, 269, 269, 269, 260, 0, 0, 0, 0, 10, 0, 0, 0, 0, 0, 0, 0, 0, 10, 0, 0, 0, 0, 0, 0, 258, 398, 387, 387, 388, 0, 0, 0, 0, 0, 0, 0, 0, 0, 0, 0, 0, 0, 0, 0, 0, 0, 0, 0, 0, 258, 260, 0, 0, 0, 0, 0, 130, 131, 131, 131, 131, 131, 131, 131, 131, 131, 131, 131, 131, 132, 0, 0, 0, 0, 258, 260, 0, 0, 0, 0, 0, 258, 269, 269, 269, 269, 269, 269, 269, 269, 269, 398, 387, 387, 388, 0, 0, 0, 0, 258, 260, 0, 0, 0, 0, 0, 258, 269, 269, 269, 269, 269, 269, 269, 269, 269, 260, 0, 0, 0, 0, 0, 136, 264, 140, 260, 0, 0, 0, 0, 0, 258, 269, 269, 269, 269, 269, 269, 269, 269, 269, 260, 0, 0, 0, 0, 0, 11, 258, 269, 142, 131, 131, 131, 131, 131, 140, 269, 269, 269, 269, 269, 269, 269, 269, 269, 142, 131, 131, 131, 132, 8, 130, 140, 269, 269, 269, 269, 269, 269, 269, 269, 269, 269, 269, 269, 269, 269, 269, 269, 269, 269, 269, 269, 269, 142, 131, 140, 269, 269],
         "height":10,
         "id":9,
         "name":"Terrain",
         "opacity":1,
         "type":"tilelayer",
         "visible":true,
         "width":25,
         "x":0,
         "y":0
        }, 
        {
         "data":[0, 0, 0, 0, 0, 0, 403, 405, 0, 403, 404, 404, 404, 404, 404, 404, 405, 0, 403, 405, 0, 0, 0, 0, 0, 0, 0, 0, 0, 0, 0, 0, 0, 0, 0, 0, 0, 0, 0, 0, 0, 0, 0, 0, 0, 0, 0, 0, 0, 0, 0, 0, 0, 0, 0, 0, 0, 0, 0, 0, 0, 0, 0, 0, 0, 0, 0, 0, 0, 0, 0, 0, 0, 0, 0, 0, 0, 0, 0, 0, 0, 0, 0, 0, 0, 0, 0, 0, 0, 0, 0, 0, 0, 0, 0, 0, 0, 0, 0, 0, 0, 0, 0, 0, 0, 0, 0, 0, 0, 0, 0, 0, 0, 0, 0, 0, 0, 0, 0, 0, 0, 0, 0, 0, 0, 0, 0, 0, 0, 0, 0, 0, 0, 0, 0, 0, 0, 0, 0, 0, 0, 0, 0, 0, 0, 0, 0, 0, 0, 0, 0, 0, 0, 0, 0, 0, 0, 0, 0, 0, 0, 0, 0, 0, 0, 0, 0, 0, 0, 0, 0, 0, 0, 0, 0, 0, 0, 0, 0, 0, 0, 0, 0, 0, 0, 0, 0, 0, 0, 0, 0, 0, 0, 0, 0, 0, 0, 0, 0, 0, 0, 0, 0, 0, 0, 0, 0, 0, 0, 0, 0, 0, 0, 0, 0, 0, 0, 0, 0, 0, 0, 0, 0, 0, 0, 0, 0, 0, 0, 0, 0, 0, 0, 0, 0, 0, 0, 0, 0, 0, 0, 0, 0, 0, 0, 0, 0, 0, 0, 0],
         "height":10,
         "id":23,
         "name":"Sticky",
         "opacity":1,
         "type":"tilelayer",
         "visible":true,
         "width":25,
         "x":0,
         "y":0
        }, 
        {
         "draworder":"topdown",
         "id":5,
         "name":"Entities",
         "objects":[
                {
                 "gid":3,
                 "height":8,
                 "id":280,
                 "name":"",
                 "rotation":0,
                 "type":"",
                 "visible":true,
                 "width":8,
                 "x":144,
                 "y":64
                }, 
                {
                 "gid":15,
                 "height":8,
                 "id":281,
                 "name":"",
                 "rotation":0,
                 "type":"",
                 "visible":true,
                 "width":8,
                 "x":48,
                 "y":32
                }, 
                {
                 "gid":2147483663,
                 "height":8,
                 "id":282,
                 "name":"",
                 "rotation":0,
                 "type":"",
                 "visible":true,
                 "width":8,
                 "x":152,
                 "y":32
                }, 
                {
                 "gid":13,
                 "height":8,
                 "id":283,
                 "name":"",
                 "rotation":0,
                 "type":"",
                 "visible":true,
                 "width":8,
                 "x":36,
                 "y":24
                }, 
                {
                 "gid":5,
                 "height":8,
                 "id":286,
                 "name":"",
                 "rotation":0,
                 "type":"",
                 "visible":true,
                 "width":8,
                 "x":16,
                 "y":52
                }],
         "opacity":1,
         "type":"objectgroup",
         "visible":true,
         "x":0,
         "y":0
        }],
 "nextlayerid":24,
 "nextobjectid":287,
 "orientation":"orthogonal",
 "renderorder":"right-down",
 "tiledversion":"1.4.3",
 "tileheight":8,
 "tilesets":[
        {
         "firstgid":1,
         "source":"TilesetGame.json"
        }],
 "tilewidth":8,
 "type":"map",
 "version":1.4,
 "width":25
}