{ "compressionlevel":0,
 "editorsettings":
    {
     "export":
        {
         "target":"."
        }
    },
 "height":16,
 "infinite":false,
 "layers":[
        {
         "data":[0, 0, 0, 0, 0, 0, 0, 0, 0, 0, 0, 0, 0, 649, 649, 650, 651, 527, 527, 527, 527, 0, 0, 648, 651, 653, 527, 654, 649, 648, 651, 653, 527, 654, 649, 0, 648, 648, 648, 650, 651, 652, 649, 0, 0, 648, 648, 650, 650, 650, 648, 648, 648, 650, 650, 650, 0, 0, 648, 648, 648, 648, 648, 650, 648, 648, 0, 643, 643, 643, 644, 646, 648, 648, 648, 648, 648, 648, 648, 648, 648, 647, 642, 643, 644, 646, 648, 648, 0, 641, 641, 641, 641, 643, 643, 644, 646, 648, 647, 642, 643, 0, 643, 643, 641, 641, 641, 643, 644, 0, 0, 0, 0, 0, 641, 641, 641, 641, 643, 643, 643, 641, 0, 0, 641, 641, 641, 641, 641, 641, 641, 0, 0, 0, 0, 0, 520, 523, 525, 641, 641, 526, 521, 522, 520, 520, 525, 526, 521, 522, 522, 522, 522, 522, 0, 0, 520, 520, 520, 520, 522, 522, 522, 522, 520, 520, 520, 520, 522, 522, 520, 520, 520, 520, 520, 0, 0, 0, 519, 514, 515, 515, 516, 518, 520, 0, 0, 0, 0, 0, 520, 520, 520, 519, 514, 515, 516, 0, 0, 0, 514, 513, 513, 513, 513, 516, 518, 0, 0, 0, 0, 520, 520, 520, 519, 514, 513, 513, 513, 0, 0, 0, 0, 0, 0, 513, 513, 513, 515, 515, 516, 518, 520, 519, 514, 515, 515, 513, 513, 513, 513, 0, 0, 0, 0, 0, 0, 513, 513, 513, 513, 513, 513, 515, 515, 515, 513, 513, 513, 513, 513, 513, 513, 0, 0, 0, 0, 0, 0, 0, 513, 513, 513, 513, 513, 513, 513, 513, 513, 513, 513, 0, 0, 0, 0, 0, 0, 0, 0, 0, 0, 0, 0, 0, 0, 0, 513, 513, 513, 513, 513, 513, 513, 0, 0, 0, 0, 0, 0, 0, 0, 0, 0, 0, 0, 0, 0, 513, 513, 513, 513, 513, 513, 513, 513, 513, 0, 0, 0, 0, 0, 0, 0, 0, 0, 0, 0, 0, 0, 0, 0, 0, 0, 0, 0, 0, 0, 0, 0, 0, 0, 0],
         "height":16,
         "id":21,
         "name":"Sky",
         "opacity":1,
         "type":"tilelayer",
         "visible":true,
         "width":22,
         "x":0,
         "y":0
        }, 
        {
         "data":[269, 398, 387, 387, 387, 387, 387, 387, 387, 387, 387, 396, 269, 269, 269, 269, 269, 269, 269, 269, 269, 269, 398, 388, 10, 10, 10, 10, 10, 10, 10, 10, 10, 386, 396, 269, 269, 269, 269, 269, 269, 269, 269, 269, 260, 9, 0, 0, 0, 0, 0, 0, 0, 0, 0, 11, 258, 269, 269, 269, 269, 269, 269, 269, 269, 269, 260, 9, 0, 0, 0, 0, 0, 0, 0, 0, 0, 11, 258, 269, 269, 269, 269, 269, 269, 269, 269, 269, 260, 9, 0, 0, 0, 0, 0, 0, 0, 0, 0, 11, 258, 269, 269, 269, 269, 269, 269, 269, 269, 269, 142, 131, 131, 131, 132, 0, 0, 0, 0, 0, 0, 11, 258, 398, 387, 387, 387, 387, 387, 387, 387, 396, 269, 269, 398, 387, 388, 0, 0, 0, 0, 0, 0, 11, 258, 260, 10, 10, 10, 10, 10, 10, 10, 258, 269, 398, 388, 10, 10, 0, 0, 0, 0, 0, 0, 11, 258, 260, 0, 0, 0, 0, 0, 0, 0, 258, 269, 260, 9, 0, 0, 0, 0, 0, 130, 131, 131, 131, 140, 260, 0, 0, 0, 0, 0, 0, 0, 258, 269, 260, 9, 0, 0, 0, 0, 0, 386, 387, 387, 387, 387, 388, 0, 0, 0, 0, 0, 0, 0, 258, 269, 142, 131, 131, 131, 132, 0, 0, 10, 10, 10, 10, 10, 10, 0, 0, 0, 0, 0, 0, 0, 258, 269, 269, 269, 269, 269, 260, 0, 0, 0, 0, 0, 0, 0, 0, 0, 0, 11, 130, 131, 131, 131, 140, 269, 269, 269, 269, 269, 260, 0, 0, 0, 0, 0, 0, 0, 0, 0, 0, 11, 258, 269, 269, 269, 269, 269, 269, 269, 269, 269, 142, 131, 131, 131, 131, 132, 0, 0, 0, 0, 0, 11, 258, 269, 269, 269, 269, 269, 269, 269, 269, 269, 269, 269, 269, 269, 269, 260, 0, 0, 0, 0, 0, 11, 258, 269, 269, 269, 269, 269, 269, 269, 269, 269, 269, 269, 269, 269, 269, 142, 131, 131, 131, 131, 131, 131, 140, 269, 269, 269, 269],
         "height":16,
         "id":9,
         "name":"Terrain",
         "opacity":1,
         "type":"tilelayer",
         "visible":true,
         "width":22,
         "x":0,
         "y":0
        }, 
        {
         "data":[0, 0, 0, 0, 0, 0, 0, 0, 0, 0, 0, 0, 0, 0, 0, 0, 0, 0, 0, 0, 0, 0, 0, 0, 0, 0, 0, 0, 0, 0, 0, 0, 0, 0, 0, 0, 0, 0, 0, 0, 0, 0, 0, 0, 0, 0, 0, 0, 0, 0, 0, 0, 0, 0, 0, 0, 0, 0, 0, 0, 0, 0, 0, 0, 0, 0, 0, 0, 0, 0, 0, 0, 0, 0, 0, 0, 0, 0, 0, 0, 0, 0, 0, 0, 0, 0, 0, 0, 0, 0, 0, 0, 0, 0, 0, 0, 0, 0, 0, 0, 0, 0, 0, 0, 0, 0, 0, 0, 0, 0, 0, 0, 147, 149, 0, 0, 0, 0, 0, 0, 0, 0, 0, 0, 0, 0, 0, 0, 0, 0, 0, 0, 0, 0, 0, 0, 0, 0, 0, 0, 0, 0, 0, 0, 0, 0, 0, 0, 0, 0, 0, 0, 0, 0, 0, 0, 0, 0, 0, 0, 0, 0, 0, 0, 0, 0, 0, 0, 0, 0, 0, 0, 0, 0, 0, 0, 0, 0, 0, 0, 0, 0, 0, 0, 0, 147, 149, 0, 0, 0, 0, 0, 0, 0, 0, 0, 0, 0, 0, 0, 0, 0, 0, 0, 0, 0, 0, 0, 0, 0, 0, 0, 0, 0, 0, 0, 0, 0, 0, 0, 0, 0, 0, 147, 149, 0, 0, 0, 0, 0, 0, 0, 0, 0, 0, 0, 0, 0, 0, 0, 0, 0, 0, 0, 0, 0, 0, 0, 0, 0, 0, 0, 0, 0, 0, 0, 0, 0, 0, 0, 147, 149, 0, 0, 0, 0, 0, 0, 0, 0, 0, 0, 0, 0, 0, 0, 0, 0, 0, 0, 0, 0, 0, 0, 0, 0, 0, 0, 0, 0, 0, 0, 147, 148, 148, 149, 0, 0, 0, 0, 0, 0, 0, 0, 0, 0, 0, 0, 0, 0, 0, 0, 0, 0, 0, 0, 0, 0, 0, 0, 0, 0, 0, 0, 0, 0, 0, 0, 0, 0, 0, 0, 0, 0, 0, 0, 0, 0, 0, 0, 0, 147, 148, 148, 148, 148, 149, 0, 0, 0, 0, 0],
         "height":16,
         "id":23,
         "name":"Sticky",
         "opacity":1,
         "type":"tilelayer",
         "visible":true,
         "width":22,
         "x":0,
         "y":0
        }, 
        {
         "draworder":"topdown",
         "id":5,
         "name":"Entities",
         "objects":[
                {
                 "gid":2147483651,
                 "height":8,
                 "id":191,
                 "name":"",
                 "rotation":0,
                 "type":"",
                 "visible":true,
                 "width":8,
                 "x":148,
                 "y":72
                }, 
                {
                 "gid":5,
                 "height":8,
                 "id":277,
                 "name":"",
                 "rotation":0,
                 "type":"",
                 "visible":true,
                 "width":8,
                 "x":20,
                 "y":32
                }],
         "opacity":1,
         "type":"objectgroup",
         "visible":true,
         "x":0,
         "y":0
        }],
 "nextlayerid":24,
 "nextobjectid":278,
 "orientation":"orthogonal",
 "renderorder":"right-down",
 "tiledversion":"1.4.3",
 "tileheight":8,
 "tilesets":[
        {
         "firstgid":1,
         "source":"TilesetGame.json"
        }],
 "tilewidth":8,
 "type":"map",
 "version":1.4,
 "width":22
}