{ "compressionlevel":0,
 "editorsettings":
    {
     "export":
        {
         "target":"."
        }
    },
 "height":14,
 "infinite":false,
 "layers":[
        {
         "data":[0, 648, 648, 648, 648, 648, 648, 648, 648, 647, 642, 0, 0, 0, 0, 0, 0, 0, 0, 0, 0, 0, 647, 642, 643, 643, 644, 646, 647, 642, 643, 641, 0, 0, 0, 0, 0, 0, 0, 0, 0, 0, 0, 643, 641, 641, 641, 641, 643, 643, 641, 526, 521, 0, 0, 0, 0, 0, 0, 0, 0, 0, 0, 0, 641, 641, 641, 641, 641, 641, 641, 526, 521, 520, 0, 0, 0, 0, 0, 0, 0, 0, 0, 0, 0, 641, 641, 526, 521, 522, 522, 0, 0, 0, 0, 0, 0, 0, 0, 0, 0, 0, 0, 0, 0, 0, 526, 521, 522, 520, 520, 520, 0, 0, 0, 0, 0, 0, 0, 0, 0, 0, 0, 0, 0, 0, 0, 521, 520, 520, 520, 520, 520, 520, 520, 522, 522, 520, 520, 520, 522, 522, 520, 520, 520, 523, 0, 0, 520, 520, 520, 519, 514, 515, 515, 516, 518, 520, 520, 520, 520, 520, 520, 520, 520, 520, 520, 0, 0, 0, 0, 0, 514, 513, 513, 513, 513, 515, 515, 516, 518, 520, 519, 514, 515, 515, 515, 515, 0, 0, 0, 0, 513, 513, 513, 513, 513, 513, 513, 513, 513, 515, 515, 515, 513, 513, 513, 513, 513, 0, 0, 0, 0, 0, 0, 0, 513, 513, 513, 513, 513, 513, 513, 513, 513, 513, 513, 513, 513, 513, 0, 0, 0, 0, 0, 0, 0, 0, 513, 513, 513, 513, 513, 513, 513, 513, 513, 513, 513, 513, 513, 0, 0, 0, 0, 0, 0, 0, 0, 0, 0, 0, 0, 0, 0, 0, 513, 513, 513, 513, 513, 513, 0, 0, 0, 0, 0, 0, 0, 0, 0, 0, 0, 0, 0, 0, 0, 0, 0, 0, 0, 0, 0, 0],
         "height":14,
         "id":22,
         "name":"Sky",
         "opacity":1,
         "type":"tilelayer",
         "visible":true,
         "width":21,
         "x":0,
         "y":0
        }, 
        {
         "data":[398, 387, 387, 387, 387, 387, 387, 387, 387, 396, 269, 269, 269, 269, 269, 269, 269, 269, 269, 269, 269, 260, 0, 0, 0, 0, 0, 0, 0, 0, 258, 269, 269, 269, 269, 269, 269, 269, 269, 269, 269, 269, 260, 0, 0, 0, 0, 0, 0, 5, 0, 258, 269, 269, 269, 269, 269, 269, 269, 269, 269, 269, 269, 260, 0, 0, 0, 0, 0, 0, 0, 0, 258, 269, 269, 269, 269, 269, 269, 269, 269, 269, 269, 269, 260, 0, 0, 0, 0, 0, 130, 131, 131, 140, 269, 269, 269, 269, 269, 269, 269, 269, 269, 269, 269, 260, 0, 0, 0, 0, 0, 386, 387, 387, 387, 387, 387, 387, 387, 387, 387, 387, 387, 387, 387, 396, 260, 0, 0, 0, 0, 0, 0, 0, 0, 0, 0, 0, 0, 0, 0, 0, 0, 0, 0, 0, 258, 142, 131, 131, 132, 0, 0, 0, 0, 0, 0, 0, 0, 0, 0, 0, 0, 0, 0, 0, 0, 258, 269, 269, 269, 260, 0, 0, 0, 0, 0, 0, 0, 0, 0, 0, 0, 0, 0, 0, 0, 0, 258, 269, 269, 269, 260, 0, 0, 0, 0, 0, 0, 0, 0, 0, 0, 0, 0, 0, 0, 0, 0, 258, 269, 269, 269, 142, 131, 131, 132, 0, 0, 0, 0, 0, 0, 0, 0, 0, 0, 0, 0, 0, 258, 269, 269, 269, 269, 269, 269, 260, 0, 0, 0, 0, 0, 0, 0, 0, 0, 0, 0, 0, 0, 258, 269, 269, 269, 269, 269, 269, 142, 131, 131, 131, 131, 131, 131, 131, 132, 0, 0, 0, 0, 0, 258, 269, 269, 269, 269, 269, 269, 269, 269, 269, 269, 269, 269, 269, 269, 142, 131, 131, 131, 131, 131, 140],
         "height":14,
         "id":9,
         "name":"Terrain",
         "opacity":1,
         "type":"tilelayer",
         "visible":true,
         "width":21,
         "x":0,
         "y":0
        }, 
        {
         "draworder":"topdown",
         "id":5,
         "name":"Entities",
         "objects":[
                {
                 "gid":2147483651,
                 "height":8,
                 "id":191,
                 "name":"",
                 "rotation":0,
                 "type":"",
                 "visible":true,
                 "width":8,
                 "x":136,
                 "y":104
                }, 
                {
                 "gid":4,
                 "height":8,
                 "id":254,
                 "name":"",
                 "properties":[
                        {
                         "name":"index",
                         "type":"int",
                         "value":3
                        }, 
                        {
                         "name":"touch offset",
                         "type":"int",
                         "value":1
                        }],
                 "rotation":0,
                 "type":"",
                 "visible":true,
                 "width":8,
                 "x":100,
                 "y":72
                }],
         "opacity":1,
         "type":"objectgroup",
         "visible":true,
         "x":0,
         "y":0
        }],
 "nextlayerid":24,
 "nextobjectid":255,
 "orientation":"orthogonal",
 "renderorder":"right-down",
 "tiledversion":"1.4.3",
 "tileheight":8,
 "tilesets":[
        {
         "firstgid":1,
         "source":"TilesetGame.json"
        }],
 "tilewidth":8,
 "type":"map",
 "version":1.4,
 "width":21
}