{ "compressionlevel":0,
 "editorsettings":
    {
     "export":
        {
         "target":"."
        }
    },
 "height":16,
 "infinite":false,
 "layers":[
        {
         "data":[0, 0, 0, 0, 0, 0, 0, 0, 0, 0, 0, 0, 0, 0, 0, 0, 0, 0, 0, 0, 0, 0, 0, 0, 0, 0, 0, 0, 0, 0, 0, 0, 0, 0, 650, 651, 653, 527, 527, 0, 0, 649, 648, 648, 0, 0, 0, 0, 0, 0, 0, 0, 0, 648, 648, 648, 650, 651, 653, 0, 0, 648, 648, 648, 648, 648, 642, 643, 644, 648, 648, 648, 648, 648, 648, 648, 648, 648, 650, 0, 0, 643, 643, 644, 645, 642, 641, 641, 641, 644, 645, 642, 643, 644, 646, 648, 648, 647, 642, 0, 0, 641, 641, 641, 643, 0, 0, 0, 0, 643, 643, 641, 641, 641, 644, 646, 647, 642, 641, 0, 641, 641, 641, 641, 641, 641, 641, 641, 641, 641, 0, 0, 0, 0, 641, 643, 643, 641, 641, 0, 0, 521, 522, 523, 525, 641, 526, 521, 522, 522, 0, 0, 0, 0, 641, 641, 641, 641, 641, 0, 0, 0, 0, 520, 522, 522, 522, 520, 520, 0, 0, 0, 0, 0, 0, 521, 522, 522, 523, 0, 0, 0, 0, 0, 518, 520, 520, 520, 0, 0, 0, 520, 520, 522, 522, 520, 520, 520, 519, 520, 0, 0, 513, 513, 515, 516, 518, 519, 520, 0, 0, 518, 520, 520, 520, 520, 520, 519, 514, 0, 0, 0, 0, 0, 513, 513, 515, 515, 513, 513, 513, 516, 518, 520, 520, 519, 514, 515, 513, 0, 0, 0, 0, 0, 0, 0, 513, 513, 0, 0, 0, 513, 515, 516, 517, 514, 513, 513, 513, 513, 0, 0, 0, 0, 0, 0, 0, 0, 0, 0, 0, 0, 0, 513, 515, 513, 513, 513, 513, 0, 0, 0, 0, 0, 0, 0, 0, 0, 0, 0, 0, 0, 0, 513, 513, 513, 513, 513, 513, 0, 0, 0, 0, 0, 0, 0, 0, 0, 0, 0, 0, 0, 0, 0, 0, 0, 0, 0, 0, 0],
         "height":16,
         "id":21,
         "name":"Sky",
         "opacity":1,
         "type":"tilelayer",
         "visible":true,
         "width":20,
         "x":0,
         "y":0
        }, 
        {
         "data":[269, 269, 269, 269, 269, 269, 269, 269, 269, 269, 269, 269, 269, 398, 387, 387, 387, 387, 387, 396, 398, 387, 387, 396, 269, 269, 269, 269, 269, 269, 269, 269, 269, 260, 0, 0, 0, 0, 0, 258, 260, 0, 0, 386, 387, 387, 387, 387, 387, 387, 387, 387, 387, 388, 0, 0, 0, 0, 0, 258, 260, 0, 0, 0, 0, 0, 10, 0, 0, 0, 10, 0, 0, 0, 0, 0, 0, 0, 0, 258, 260, 0, 0, 0, 0, 0, 0, 0, 0, 0, 0, 0, 0, 0, 0, 0, 0, 0, 0, 258, 260, 0, 0, 136, 137, 137, 137, 137, 137, 137, 264, 131, 131, 132, 0, 0, 0, 0, 0, 258, 260, 0, 0, 0, 0, 0, 0, 0, 0, 0, 258, 269, 269, 260, 8, 8, 0, 0, 0, 258, 260, 0, 0, 0, 0, 0, 0, 0, 0, 0, 258, 269, 269, 142, 131, 132, 0, 0, 0, 258, 142, 131, 131, 132, 0, 0, 0, 0, 130, 131, 397, 387, 387, 387, 387, 388, 0, 0, 0, 258, 269, 269, 269, 260, 0, 0, 0, 0, 258, 269, 260, 0, 0, 0, 0, 0, 0, 0, 0, 258, 269, 269, 269, 260, 0, 0, 0, 0, 258, 269, 260, 0, 0, 0, 0, 0, 0, 0, 0, 258, 269, 269, 269, 260, 0, 0, 0, 0, 258, 269, 260, 0, 0, 0, 0, 0, 0, 0, 0, 258, 269, 269, 269, 142, 131, 131, 132, 0, 258, 269, 260, 0, 0, 0, 0, 0, 0, 0, 0, 258, 269, 269, 269, 269, 269, 269, 142, 131, 140, 269, 142, 131, 131, 132, 0, 0, 0, 0, 0, 258, 269, 269, 269, 269, 269, 269, 269, 269, 269, 269, 269, 269, 269, 260, 8, 8, 8, 8, 8, 258, 269, 269, 269, 269, 269, 269, 269, 269, 269, 269, 269, 269, 269, 142, 131, 131, 131, 131, 131, 140],
         "height":16,
         "id":9,
         "name":"Terrain",
         "opacity":1,
         "type":"tilelayer",
         "visible":true,
         "width":20,
         "x":0,
         "y":0
        }, 
        {
         "data":[0, 0, 0, 0, 0, 0, 0, 0, 0, 0, 0, 0, 0, 0, 0, 0, 0, 0, 0, 0, 0, 0, 0, 0, 0, 0, 0, 0, 0, 0, 0, 0, 0, 0, 0, 0, 0, 0, 0, 0, 0, 0, 0, 0, 403, 404, 404, 404, 404, 404, 404, 404, 405, 0, 0, 0, 0, 0, 0, 0, 0, 0, 0, 0, 0, 0, 0, 0, 0, 0, 0, 0, 0, 0, 0, 0, 0, 0, 0, 0, 0, 0, 0, 0, 0, 0, 0, 0, 0, 0, 0, 0, 0, 0, 0, 0, 0, 0, 0, 0, 0, 0, 0, 0, 0, 0, 0, 0, 0, 0, 0, 0, 0, 0, 0, 0, 0, 0, 0, 0, 0, 0, 0, 0, 0, 0, 0, 0, 0, 0, 0, 0, 0, 0, 0, 0, 0, 0, 0, 0, 0, 0, 0, 0, 0, 0, 0, 0, 0, 0, 0, 0, 0, 0, 0, 0, 0, 0, 0, 0, 0, 0, 0, 0, 0, 0, 0, 0, 0, 0, 0, 0, 0, 0, 0, 0, 0, 0, 0, 0, 0, 0, 0, 0, 0, 0, 0, 0, 150, 0, 0, 0, 0, 0, 0, 0, 0, 0, 0, 0, 0, 0, 0, 0, 0, 0, 0, 0, 406, 0, 0, 0, 0, 0, 0, 0, 0, 0, 0, 0, 0, 0, 0, 0, 0, 0, 0, 0, 0, 0, 0, 0, 0, 0, 0, 0, 0, 0, 0, 0, 0, 0, 0, 0, 0, 0, 0, 0, 0, 0, 0, 0, 0, 0, 0, 0, 0, 0, 0, 0, 0, 0, 0, 0, 0, 0, 0, 0, 0, 0, 0, 0, 0, 0, 0, 0, 0, 0, 0, 0, 0, 0, 0, 0, 0, 0, 0, 0, 0, 0, 0, 0, 0, 0, 0, 0, 0, 0, 0, 0, 0, 0, 0, 0, 0, 0, 0, 0, 0, 0, 0, 0, 0, 0, 0, 0, 0, 0, 0, 0],
         "height":16,
         "id":23,
         "name":"Sticky",
         "opacity":1,
         "type":"tilelayer",
         "visible":true,
         "width":20,
         "x":0,
         "y":0
        }, 
        {
         "draworder":"topdown",
         "id":5,
         "name":"Entities",
         "objects":[
                {
                 "gid":3,
                 "height":8,
                 "id":191,
                 "name":"",
                 "rotation":0,
                 "type":"",
                 "visible":true,
                 "width":8,
                 "x":96,
                 "y":104
                }, 
                {
                 "gid":7,
                 "height":8,
                 "id":281,
                 "name":"",
                 "properties":[
                        {
                         "name":"veldes",
                         "type":"float",
                         "value":1.5
                        }, 
                        {
                         "name":"velori",
                         "type":"float",
                         "value":1.5
                        }, 
                        {
                         "name":"ydis",
                         "type":"int",
                         "value":7
                        }],
                 "rotation":0,
                 "type":"",
                 "visible":true,
                 "width":24,
                 "x":128,
                 "y":56
                }, 
                {
                 "gid":5,
                 "height":8,
                 "id":282,
                 "name":"",
                 "rotation":0,
                 "type":"",
                 "visible":true,
                 "width":8,
                 "x":68,
                 "y":60
                }, 
                {
                 "gid":15,
                 "height":8,
                 "id":283,
                 "name":"",
                 "rotation":0,
                 "type":"",
                 "visible":true,
                 "width":8,
                 "x":24,
                 "y":40
                }, 
                {
                 "gid":14,
                 "height":8,
                 "id":284,
                 "name":"",
                 "rotation":0,
                 "type":"",
                 "visible":true,
                 "width":8,
                 "x":56,
                 "y":96
                }, 
                {
                 "gid":13,
                 "height":8,
                 "id":285,
                 "name":"",
                 "rotation":0,
                 "type":"",
                 "visible":true,
                 "width":8,
                 "x":116,
                 "y":16
                }, 
                {
                 "gid":13,
                 "height":8,
                 "id":286,
                 "name":"",
                 "rotation":0,
                 "type":"",
                 "visible":true,
                 "width":8,
                 "x":116,
                 "y":80
                }, 
                {
                 "gid":13,
                 "height":8,
                 "id":287,
                 "name":"",
                 "rotation":0,
                 "type":"",
                 "visible":true,
                 "width":8,
                 "x":12,
                 "y":24
                }, 
                {
                 "gid":13,
                 "height":8,
                 "id":288,
                 "name":"",
                 "rotation":0,
                 "type":"",
                 "visible":true,
                 "width":8,
                 "x":36,
                 "y":56
                }],
         "opacity":1,
         "type":"objectgroup",
         "visible":true,
         "x":0,
         "y":0
        }],
 "nextlayerid":24,
 "nextobjectid":290,
 "orientation":"orthogonal",
 "renderorder":"right-down",
 "tiledversion":"1.4.3",
 "tileheight":8,
 "tilesets":[
        {
         "firstgid":1,
         "source":"TilesetGame.json"
        }],
 "tilewidth":8,
 "type":"map",
 "version":1.4,
 "width":20
}