{ "compressionlevel":0,
 "editorsettings":
    {
     "export":
        {
         "target":"."
        }
    },
 "height":21,
 "infinite":false,
 "layers":[
        {
         "data":[0, 0, 0, 0, 0, 0, 0, 0, 0, 0, 0, 0, 0, 0, 0, 0, 0, 527, 527, 527, 527, 527, 527, 0, 0, 0, 0, 0, 0, 652, 649, 650, 651, 652, 649, 0, 0, 0, 0, 0, 0, 650, 648, 648, 648, 650, 648, 0, 0, 0, 0, 0, 0, 0, 0, 648, 648, 648, 648, 0, 0, 0, 0, 0, 0, 0, 0, 0, 648, 648, 648, 0, 0, 0, 0, 0, 0, 0, 0, 0, 643, 644, 645, 0, 0, 0, 0, 0, 0, 0, 0, 0, 641, 641, 643, 0, 0, 0, 0, 0, 0, 0, 0, 0, 641, 641, 641, 0, 0, 0, 0, 0, 0, 0, 0, 0, 641, 641, 526, 0, 0, 0, 0, 0, 0, 0, 0, 0, 641, 526, 521, 0, 0, 0, 0, 0, 0, 0, 0, 0, 521, 522, 520, 0, 0, 0, 0, 0, 0, 0, 0, 0, 520, 520, 520, 0, 0, 0, 0, 0, 0, 0, 0, 0, 520, 520, 520, 0, 0, 0, 0, 0, 0, 0, 0, 520, 520, 520, 520, 0, 0, 516, 518, 520, 520, 520, 519, 514, 515, 516, 518, 0, 0, 513, 516, 517, 514, 515, 515, 513, 513, 513, 516, 0, 0, 513, 513, 515, 513, 513, 513, 513, 513, 513, 513, 0, 0, 0, 0, 513, 513, 513, 513, 513, 513, 513, 513, 0, 0, 0, 0, 513, 513, 513, 513, 513, 513, 513, 513, 0, 0, 0, 0, 0, 0, 0, 0, 0, 0, 0, 0, 0],
         "height":21,
         "id":21,
         "name":"Sky",
         "opacity":1,
         "type":"tilelayer",
         "visible":true,
         "width":12,
         "x":0,
         "y":0
        }, 
        {
         "data":[269, 269, 269, 269, 398, 387, 387, 387, 387, 387, 387, 396, 269, 269, 269, 269, 260, 0, 0, 0, 0, 0, 0, 258, 269, 269, 269, 269, 260, 0, 5, 0, 0, 0, 0, 258, 269, 269, 269, 269, 260, 0, 0, 0, 0, 0, 0, 258, 269, 269, 269, 269, 142, 131, 131, 132, 0, 0, 0, 258, 269, 269, 269, 269, 269, 269, 269, 260, 0, 0, 0, 258, 269, 269, 269, 269, 269, 269, 269, 260, 0, 0, 0, 258, 269, 269, 269, 269, 269, 269, 269, 260, 0, 0, 0, 258, 269, 269, 269, 269, 269, 269, 269, 260, 0, 0, 0, 258, 269, 269, 269, 269, 269, 269, 269, 260, 0, 0, 0, 258, 269, 269, 269, 269, 269, 269, 269, 260, 0, 0, 0, 258, 269, 269, 269, 269, 269, 269, 269, 260, 0, 0, 0, 258, 269, 269, 269, 269, 269, 269, 269, 260, 0, 0, 0, 258, 269, 269, 269, 269, 269, 269, 269, 260, 0, 0, 0, 258, 398, 387, 387, 387, 387, 387, 387, 388, 0, 0, 0, 258, 260, 0, 0, 0, 0, 0, 0, 0, 0, 0, 0, 258, 260, 0, 0, 0, 0, 0, 0, 0, 0, 0, 0, 258, 260, 0, 0, 0, 0, 0, 0, 0, 0, 0, 0, 258, 142, 131, 131, 132, 9, 0, 0, 0, 0, 0, 0, 258, 269, 269, 269, 260, 9, 0, 0, 0, 0, 0, 0, 258, 269, 269, 269, 142, 131, 131, 131, 131, 131, 131, 131, 140],
         "height":21,
         "id":9,
         "name":"Terrain",
         "opacity":1,
         "type":"tilelayer",
         "visible":true,
         "width":12,
         "x":0,
         "y":0
        }, 
        {
         "data":[0, 0, 0, 0, 0, 0, 0, 0, 0, 0, 0, 0, 0, 0, 0, 0, 0, 0, 0, 0, 0, 0, 0, 0, 0, 0, 0, 0, 0, 0, 0, 0, 0, 0, 0, 0, 0, 0, 0, 0, 0, 0, 0, 0, 0, 0, 0, 0, 0, 0, 0, 0, 0, 0, 0, 0, 0, 0, 0, 150, 0, 0, 0, 0, 0, 0, 0, 0, 0, 0, 0, 278, 0, 0, 0, 0, 0, 0, 0, 0, 0, 0, 0, 278, 0, 0, 0, 0, 0, 0, 0, 0, 0, 0, 0, 278, 0, 0, 0, 0, 0, 0, 0, 151, 0, 0, 0, 406, 0, 0, 0, 0, 0, 0, 0, 279, 0, 0, 0, 0, 0, 0, 0, 0, 0, 0, 0, 279, 0, 0, 0, 0, 0, 0, 0, 0, 0, 0, 0, 279, 0, 0, 0, 0, 0, 0, 0, 0, 0, 0, 0, 279, 0, 0, 0, 0, 0, 0, 0, 0, 0, 0, 0, 407, 0, 0, 0, 150, 0, 403, 404, 405, 0, 0, 0, 0, 0, 0, 0, 278, 0, 0, 0, 0, 0, 0, 0, 0, 0, 0, 0, 278, 0, 0, 0, 0, 0, 0, 0, 0, 0, 0, 0, 278, 0, 0, 0, 0, 0, 0, 0, 0, 0, 0, 0, 406, 0, 0, 0, 0, 0, 0, 0, 0, 0, 0, 0, 0, 0, 0, 0, 0, 0, 0, 0, 0, 0, 0, 0, 0, 0, 0, 0, 0, 0, 0, 0, 0, 0, 0, 0, 0],
         "height":21,
         "id":23,
         "name":"Sticky",
         "opacity":1,
         "type":"tilelayer",
         "visible":true,
         "width":12,
         "x":0,
         "y":0
        }, 
        {
         "draworder":"topdown",
         "id":5,
         "name":"Entities",
         "objects":[
                {
                 "gid":1073741827,
                 "height":8,
                 "id":191,
                 "name":"",
                 "rotation":0,
                 "type":"",
                 "visible":true,
                 "width":8,
                 "x":16,
                 "y":128
                }, 
                {
                 "gid":2147483662,
                 "height":8,
                 "id":280,
                 "name":"",
                 "rotation":0,
                 "type":"",
                 "visible":true,
                 "width":8,
                 "x":64,
                 "y":120
                }, 
                {
                 "gid":15,
                 "height":8,
                 "id":281,
                 "name":"",
                 "rotation":0,
                 "type":"",
                 "visible":true,
                 "width":8,
                 "x":40,
                 "y":160
                }],
         "opacity":1,
         "type":"objectgroup",
         "visible":true,
         "x":0,
         "y":0
        }],
 "nextlayerid":24,
 "nextobjectid":282,
 "orientation":"orthogonal",
 "renderorder":"right-down",
 "tiledversion":"1.4.3",
 "tileheight":8,
 "tilesets":[
        {
         "firstgid":1,
         "source":"TilesetGame.json"
        }],
 "tilewidth":8,
 "type":"map",
 "version":1.4,
 "width":12
}