{ "compressionlevel":0,
 "editorsettings":
    {
     "export":
        {
         "target":"."
        }
    },
 "height":14,
 "infinite":false,
 "layers":[
        {
         "data":[0, 0, 0, 0, 0, 0, 0, 0, 0, 0, 0, 0, 0, 0, 0, 0, 0, 0, 0, 0, 0, 0, 0, 0, 0, 0, 0, 0, 0, 0, 0, 0, 0, 0, 0, 0, 0, 0, 0, 0, 0, 0, 0, 648, 650, 650, 651, 0, 0, 0, 0, 0, 0, 0, 0, 0, 0, 0, 0, 0, 0, 0, 0, 0, 0, 0, 0, 0, 648, 648, 647, 642, 0, 0, 0, 0, 0, 0, 0, 0, 0, 0, 0, 0, 0, 0, 0, 641, 643, 644, 646, 648, 647, 642, 643, 643, 641, 0, 0, 0, 0, 0, 0, 0, 0, 0, 0, 0, 0, 0, 0, 0, 641, 641, 641, 643, 643, 643, 641, 641, 526, 521, 0, 0, 0, 0, 643, 643, 641, 641, 641, 641, 641, 643, 641, 641, 526, 521, 522, 523, 525, 641, 641, 641, 526, 521, 520, 520, 0, 0, 0, 526, 521, 522, 522, 523, 524, 521, 522, 522, 522, 522, 520, 520, 520, 522, 522, 522, 522, 522, 520, 520, 0, 0, 0, 0, 522, 520, 520, 520, 520, 522, 519, 514, 515, 515, 516, 518, 520, 0, 0, 0, 520, 520, 520, 520, 520, 520, 0, 0, 0, 519, 514, 515, 516, 517, 514, 515, 513, 513, 513, 513, 516, 0, 0, 0, 0, 0, 0, 518, 520, 520, 519, 514, 0, 0, 514, 513, 513, 513, 0, 0, 0, 0, 0, 0, 0, 0, 0, 0, 0, 0, 0, 0, 516, 518, 519, 514, 513, 0, 0, 513, 513, 513, 513, 0, 0, 0, 0, 0, 0, 0, 0, 0, 0, 0, 0, 0, 0, 513, 515, 515, 513, 513, 0, 0, 0, 0, 0, 0, 0, 0, 0, 0, 0, 0, 0, 0, 0, 0, 0, 0, 0, 0, 513, 513, 513, 0, 0, 0, 0, 0, 0, 0, 0, 0, 0, 0, 0, 0, 0, 0, 0, 0, 0, 0, 0, 0, 0, 513, 513, 0, 0, 0, 0, 0, 0, 0, 0, 0, 0, 0, 0, 0, 0, 0, 0, 0, 0, 0, 0, 0, 0, 0, 0, 0, 0, 0, 0, 0],
         "height":14,
         "id":21,
         "name":"Sky",
         "opacity":1,
         "type":"tilelayer",
         "visible":true,
         "width":25,
         "x":0,
         "y":0
        }, 
        {
         "data":[269, 269, 269, 269, 269, 269, 269, 269, 269, 269, 269, 269, 269, 269, 269, 269, 269, 269, 398, 387, 387, 387, 396, 269, 269, 269, 269, 269, 269, 269, 269, 269, 269, 269, 269, 269, 269, 269, 269, 269, 269, 269, 269, 260, 0, 0, 0, 258, 269, 269, 269, 269, 269, 269, 269, 269, 269, 269, 269, 269, 269, 269, 398, 387, 387, 396, 398, 387, 388, 0, 0, 0, 258, 269, 269, 269, 269, 269, 269, 269, 269, 269, 269, 269, 269, 269, 269, 260, 0, 0, 386, 388, 0, 0, 0, 0, 0, 258, 269, 269, 398, 387, 387, 387, 387, 387, 387, 387, 387, 387, 387, 387, 388, 0, 0, 0, 0, 0, 0, 0, 0, 0, 258, 269, 269, 260, 0, 0, 0, 0, 0, 0, 0, 0, 0, 0, 0, 0, 0, 0, 0, 0, 0, 0, 0, 0, 0, 258, 269, 269, 260, 0, 0, 0, 0, 0, 0, 0, 0, 0, 0, 0, 0, 0, 0, 0, 0, 0, 0, 0, 0, 0, 258, 269, 269, 260, 0, 0, 0, 0, 0, 0, 0, 0, 0, 0, 0, 0, 130, 131, 131, 131, 131, 132, 0, 0, 0, 386, 387, 396, 260, 0, 0, 0, 0, 0, 0, 0, 0, 0, 0, 0, 0, 258, 269, 269, 269, 269, 260, 0, 0, 0, 0, 0, 258, 260, 0, 5, 0, 130, 131, 131, 131, 131, 131, 131, 131, 131, 140, 269, 269, 269, 269, 260, 0, 0, 0, 0, 0, 258, 260, 0, 0, 0, 258, 269, 269, 269, 269, 269, 269, 269, 269, 269, 269, 269, 269, 269, 260, 0, 0, 0, 0, 0, 258, 142, 131, 131, 131, 140, 269, 269, 269, 269, 269, 269, 269, 269, 269, 269, 269, 269, 269, 260, 0, 0, 130, 131, 131, 140, 269, 269, 269, 269, 269, 269, 269, 269, 269, 269, 269, 269, 269, 269, 269, 269, 269, 269, 260, 8, 8, 258, 269, 269, 269, 269, 269, 269, 269, 269, 269, 269, 269, 269, 269, 269, 269, 269, 269, 269, 269, 269, 269, 142, 131, 131, 140, 269, 269, 269],
         "height":14,
         "id":9,
         "name":"Terrain",
         "opacity":1,
         "type":"tilelayer",
         "visible":true,
         "width":25,
         "x":0,
         "y":0
        }, 
        {
         "data":[0, 0, 0, 0, 0, 0, 0, 0, 0, 0, 0, 0, 0, 0, 0, 0, 0, 0, 0, 0, 0, 0, 0, 0, 0, 0, 0, 0, 0, 0, 0, 0, 0, 0, 0, 0, 0, 0, 0, 0, 0, 0, 0, 0, 0, 0, 0, 0, 0, 0, 0, 0, 0, 0, 0, 0, 0, 0, 0, 0, 0, 0, 0, 0, 0, 0, 0, 0, 0, 0, 0, 0, 150, 0, 0, 0, 0, 0, 0, 0, 0, 0, 0, 0, 0, 0, 0, 0, 0, 0, 0, 0, 0, 0, 0, 0, 0, 278, 0, 0, 0, 0, 0, 0, 0, 0, 0, 0, 0, 0, 0, 0, 0, 0, 0, 0, 0, 0, 0, 0, 0, 0, 278, 0, 0, 0, 0, 0, 0, 0, 0, 0, 0, 0, 0, 0, 0, 0, 0, 0, 0, 0, 0, 0, 0, 0, 0, 278, 0, 0, 0, 0, 0, 0, 0, 0, 0, 0, 0, 0, 0, 0, 0, 0, 0, 0, 0, 0, 0, 0, 0, 0, 406, 0, 0, 0, 0, 0, 0, 0, 0, 0, 0, 0, 0, 0, 0, 0, 0, 0, 0, 0, 0, 0, 0, 0, 0, 0, 0, 0, 0, 0, 0, 0, 0, 0, 0, 0, 0, 0, 0, 0, 0, 0, 0, 0, 0, 0, 151, 0, 0, 0, 0, 0, 0, 0, 0, 0, 0, 0, 0, 0, 0, 0, 0, 0, 0, 0, 0, 0, 0, 0, 0, 279, 0, 0, 0, 0, 0, 0, 0, 0, 0, 0, 0, 0, 0, 0, 0, 0, 0, 0, 0, 0, 0, 0, 0, 0, 279, 0, 0, 0, 0, 0, 0, 0, 0, 0, 0, 0, 0, 0, 0, 0, 0, 0, 0, 0, 0, 0, 0, 0, 0, 407, 0, 0, 0, 0, 0, 0, 0, 0, 0, 0, 0, 0, 0, 0, 0, 0, 0, 0, 0, 0, 0, 0, 0, 0, 0, 0, 0, 0, 0, 0, 0, 0, 0, 0, 0, 0, 0, 0, 0, 0, 0, 0, 0, 0, 0, 0, 0, 0, 0, 0, 0, 0, 0, 0, 0, 0],
         "height":14,
         "id":23,
         "name":"Sticky",
         "opacity":1,
         "type":"tilelayer",
         "visible":true,
         "width":25,
         "x":0,
         "y":0
        }, 
        {
         "draworder":"topdown",
         "id":5,
         "name":"Entities",
         "objects":[
                {
                 "gid":2147483651,
                 "height":8,
                 "id":191,
                 "name":"",
                 "rotation":0,
                 "type":"",
                 "visible":true,
                 "width":8,
                 "x":176,
                 "y":88
                }, 
                {
                 "gid":2147483663,
                 "height":8,
                 "id":280,
                 "name":"",
                 "rotation":0,
                 "type":"",
                 "visible":true,
                 "width":8,
                 "x":96,
                 "y":72
                }, 
                {
                 "gid":13,
                 "height":8,
                 "id":282,
                 "name":"",
                 "rotation":0,
                 "type":"",
                 "visible":true,
                 "width":8,
                 "x":48,
                 "y":48
                }, 
                {
                 "gid":13,
                 "height":8,
                 "id":283,
                 "name":"",
                 "rotation":0,
                 "type":"",
                 "visible":true,
                 "width":8,
                 "x":80,
                 "y":48
                }, 
                {
                 "gid":13,
                 "height":8,
                 "id":285,
                 "name":"",
                 "rotation":0,
                 "type":"",
                 "visible":true,
                 "width":8,
                 "x":140,
                 "y":32
                }, 
                {
                 "gid":13,
                 "height":8,
                 "id":286,
                 "name":"",
                 "rotation":0,
                 "type":"",
                 "visible":true,
                 "width":8,
                 "x":108,
                 "y":32
                }, 
                {
                 "gid":3221225486,
                 "height":8,
                 "id":287,
                 "name":"",
                 "rotation":0,
                 "type":"",
                 "visible":true,
                 "width":8,
                 "x":152,
                 "y":72
                }],
         "opacity":1,
         "type":"objectgroup",
         "visible":true,
         "x":0,
         "y":0
        }],
 "nextlayerid":24,
 "nextobjectid":289,
 "orientation":"orthogonal",
 "renderorder":"right-down",
 "tiledversion":"1.4.3",
 "tileheight":8,
 "tilesets":[
        {
         "firstgid":1,
         "source":"TilesetGame.json"
        }],
 "tilewidth":8,
 "type":"map",
 "version":1.4,
 "width":25
}