{ "compressionlevel":0,
 "editorsettings":
    {
     "export":
        {
         "target":"."
        }
    },
 "height":14,
 "infinite":false,
 "layers":[
        {
         "data":[0, 0, 0, 0, 0, 0, 0, 0, 0, 0, 0, 0, 0, 0, 0, 0, 0, 0, 0, 0, 0, 648, 648, 650, 651, 652, 649, 650, 651, 0, 0, 0, 0, 0, 0, 0, 643, 644, 648, 648, 650, 648, 648, 648, 0, 0, 0, 0, 0, 0, 0, 641, 641, 643, 644, 646, 648, 647, 642, 0, 0, 0, 0, 0, 0, 0, 641, 641, 641, 641, 643, 643, 643, 641, 0, 0, 0, 0, 0, 0, 0, 0, 0, 0, 0, 641, 641, 641, 641, 0, 0, 0, 0, 0, 0, 0, 0, 0, 0, 0, 641, 526, 521, 522, 0, 0, 520, 520, 522, 523, 525, 526, 521, 522, 523, 524, 521, 520, 519, 0, 0, 520, 520, 520, 520, 522, 522, 520, 520, 520, 522, 520, 519, 514, 0, 0, 516, 518, 520, 520, 520, 520, 519, 514, 515, 516, 517, 514, 513, 0, 0, 513, 515, 515, 516, 517, 514, 515, 513, 513, 513, 515, 513, 513, 0, 0, 513, 513, 513, 513, 0, 0, 0, 0, 0, 0, 0, 0, 0, 0, 0, 513, 513, 513, 0, 0, 0, 0, 0, 0, 0, 0, 0, 0, 0, 0, 0, 0, 0, 0, 0, 0, 0, 0, 0, 0, 0, 0, 0, 0],
         "height":14,
         "id":21,
         "name":"Sky",
         "opacity":1,
         "type":"tilelayer",
         "visible":true,
         "width":15,
         "x":0,
         "y":0
        }, 
        {
         "data":[269, 269, 269, 269, 269, 398, 387, 387, 387, 387, 387, 387, 387, 387, 396, 269, 269, 269, 269, 269, 260, 0, 0, 0, 0, 0, 0, 0, 0, 258, 269, 269, 269, 269, 269, 260, 0, 0, 0, 0, 0, 0, 0, 0, 258, 269, 269, 269, 269, 269, 260, 0, 0, 0, 0, 0, 0, 0, 0, 258, 269, 269, 269, 269, 269, 260, 0, 0, 0, 0, 0, 0, 0, 0, 258, 269, 269, 269, 269, 269, 142, 131, 131, 131, 131, 132, 9, 0, 0, 258, 398, 387, 387, 387, 387, 387, 387, 387, 387, 387, 388, 9, 0, 0, 258, 260, 0, 0, 0, 0, 0, 0, 0, 0, 0, 0, 0, 0, 0, 258, 260, 0, 0, 0, 0, 0, 0, 0, 0, 0, 0, 0, 0, 0, 258, 260, 0, 0, 0, 0, 0, 0, 0, 0, 0, 0, 0, 0, 0, 258, 260, 0, 0, 0, 0, 0, 0, 0, 0, 0, 0, 0, 8, 8, 258, 260, 0, 0, 0, 130, 131, 131, 131, 131, 131, 131, 131, 131, 131, 140, 260, 0, 0, 0, 258, 269, 269, 269, 269, 269, 269, 269, 269, 269, 269, 142, 131, 131, 131, 140, 269, 269, 269, 269, 269, 269, 269, 269, 269, 269],
         "height":14,
         "id":9,
         "name":"Terrain",
         "opacity":1,
         "type":"tilelayer",
         "visible":true,
         "width":15,
         "x":0,
         "y":0
        }, 
        {
         "data":[0, 0, 0, 0, 0, 0, 0, 0, 0, 0, 0, 0, 0, 0, 0, 0, 0, 0, 0, 0, 0, 0, 0, 0, 0, 0, 0, 0, 0, 0, 0, 0, 0, 0, 0, 0, 0, 0, 0, 0, 0, 0, 0, 0, 0, 0, 0, 0, 0, 0, 0, 0, 0, 0, 0, 0, 0, 0, 0, 150, 0, 0, 0, 0, 0, 0, 0, 0, 0, 0, 0, 0, 0, 0, 278, 0, 0, 0, 0, 0, 0, 0, 0, 0, 0, 0, 0, 0, 0, 278, 0, 0, 0, 0, 0, 0, 0, 0, 0, 0, 0, 0, 0, 0, 278, 0, 0, 0, 0, 0, 0, 0, 0, 0, 0, 0, 0, 0, 0, 278, 0, 0, 0, 0, 0, 0, 0, 0, 0, 0, 0, 0, 0, 0, 278, 0, 0, 0, 0, 0, 0, 0, 0, 0, 0, 0, 0, 0, 0, 406, 0, 0, 0, 0, 0, 0, 0, 0, 0, 0, 0, 0, 0, 0, 0, 0, 0, 0, 0, 0, 0, 0, 0, 0, 0, 0, 0, 0, 0, 0, 0, 0, 0, 0, 0, 0, 0, 0, 0, 0, 0, 0, 0, 0, 0, 0, 0, 0, 0, 0, 0, 0, 0, 0, 0, 0, 0, 0, 0, 0],
         "height":14,
         "id":23,
         "name":"Sticky",
         "opacity":1,
         "type":"tilelayer",
         "visible":true,
         "width":15,
         "x":0,
         "y":0
        }, 
        {
         "draworder":"topdown",
         "id":5,
         "name":"Entities",
         "objects":[
                {
                 "gid":3,
                 "height":8,
                 "id":191,
                 "name":"",
                 "rotation":0,
                 "type":"",
                 "visible":true,
                 "width":8,
                 "x":16,
                 "y":104
                }, 
                {
                 "gid":13,
                 "height":8,
                 "id":280,
                 "name":"",
                 "rotation":0,
                 "type":"",
                 "visible":true,
                 "width":8,
                 "x":40,
                 "y":64
                }, 
                {
                 "gid":13,
                 "height":8,
                 "id":281,
                 "name":"",
                 "rotation":0,
                 "type":"",
                 "visible":true,
                 "width":8,
                 "x":80,
                 "y":16
                }, 
                {
                 "gid":15,
                 "height":8,
                 "id":282,
                 "name":"",
                 "rotation":0,
                 "type":"",
                 "visible":true,
                 "width":8,
                 "x":32,
                 "y":88
                }, 
                {
                 "gid":5,
                 "height":8,
                 "id":283,
                 "name":"",
                 "rotation":0,
                 "type":"",
                 "visible":true,
                 "width":8,
                 "x":56,
                 "y":28
                }],
         "opacity":1,
         "type":"objectgroup",
         "visible":true,
         "x":0,
         "y":0
        }],
 "nextlayerid":24,
 "nextobjectid":284,
 "orientation":"orthogonal",
 "renderorder":"right-down",
 "tiledversion":"1.4.3",
 "tileheight":8,
 "tilesets":[
        {
         "firstgid":1,
         "source":"TilesetGame.json"
        }],
 "tilewidth":8,
 "type":"map",
 "version":1.4,
 "width":15
}