{ "compressionlevel":0,
 "editorsettings":
    {
     "export":
        {
         "target":"."
        }
    },
 "height":16,
 "infinite":false,
 "layers":[
        {
         "data":[0, 0, 0, 0, 0, 0, 0, 0, 0, 0, 0, 0, 0, 0, 0, 0, 0, 0, 0, 0, 0, 0, 0, 0, 0, 0, 0, 0, 0, 0, 0, 0, 0, 0, 0, 0, 0, 0, 527, 527, 527, 527, 527, 527, 654, 0, 0, 0, 0, 0, 0, 0, 0, 0, 0, 0, 0, 0, 0, 0, 0, 0, 652, 649, 650, 651, 652, 649, 0, 0, 0, 0, 0, 0, 0, 0, 0, 0, 0, 0, 0, 0, 0, 0, 0, 650, 648, 648, 648, 650, 648, 0, 0, 0, 0, 0, 0, 0, 0, 0, 0, 0, 0, 0, 0, 0, 0, 0, 644, 645, 642, 643, 0, 0, 0, 0, 0, 0, 0, 0, 0, 0, 0, 0, 0, 0, 0, 0, 0, 0, 0, 641, 643, 641, 0, 0, 0, 0, 0, 641, 641, 643, 644, 645, 0, 0, 0, 0, 0, 0, 0, 0, 0, 0, 641, 641, 526, 0, 0, 0, 0, 0, 525, 641, 641, 641, 643, 641, 0, 0, 0, 0, 0, 0, 0, 521, 522, 523, 524, 521, 0, 0, 0, 0, 0, 522, 522, 523, 525, 526, 521, 520, 520, 520, 522, 523, 524, 521, 520, 520, 520, 522, 520, 0, 0, 0, 0, 0, 520, 520, 520, 522, 522, 519, 514, 515, 516, 518, 520, 522, 520, 520, 520, 520, 520, 520, 0, 0, 0, 0, 0, 0, 0, 0, 0, 0, 0, 0, 0, 0, 0, 0, 0, 0, 0, 520, 519, 514, 515, 0, 0, 0, 0, 0, 0, 0, 0, 0, 0, 0, 0, 0, 0, 0, 0, 0, 0, 0, 0, 514, 513, 513, 0, 0, 0, 0, 0, 0, 0, 0, 0, 0, 0, 0, 0, 0, 0, 0, 0, 0, 0, 0, 513, 513, 513, 0, 0, 0, 0, 0, 0, 0, 0, 0, 0, 0, 0, 0, 0, 0, 0, 0, 0, 0, 0, 513, 513, 513, 0, 0, 0, 0, 0, 0, 0, 0, 0, 0, 0, 0, 0, 0, 0, 0, 0, 0, 0, 0, 513, 513, 513, 0, 0, 0, 0, 0, 0, 0, 0, 0, 0, 0, 0, 0, 0, 0, 0, 0, 0, 0, 0, 0, 0, 0, 0, 0, 0, 0],
         "height":16,
         "id":21,
         "name":"Sky",
         "opacity":1,
         "type":"tilelayer",
         "visible":true,
         "width":23,
         "x":0,
         "y":0
        }, 
        {
         "data":[269, 269, 269, 269, 269, 269, 269, 269, 269, 269, 269, 269, 269, 269, 269, 398, 387, 387, 387, 387, 387, 387, 396, 269, 269, 269, 269, 269, 269, 269, 269, 269, 269, 269, 269, 269, 269, 269, 260, 9, 0, 0, 0, 0, 0, 258, 269, 269, 269, 269, 269, 269, 269, 269, 269, 269, 269, 269, 269, 269, 269, 260, 9, 0, 0, 0, 0, 0, 258, 269, 269, 269, 269, 269, 269, 269, 269, 269, 269, 269, 269, 269, 269, 269, 260, 9, 0, 0, 0, 0, 0, 258, 269, 269, 269, 269, 269, 269, 269, 269, 269, 269, 269, 269, 269, 269, 269, 260, 9, 0, 0, 130, 131, 131, 140, 398, 387, 387, 387, 387, 387, 396, 269, 269, 269, 269, 269, 269, 269, 269, 260, 9, 0, 0, 258, 269, 269, 269, 260, 0, 0, 0, 0, 0, 258, 269, 269, 269, 269, 269, 269, 269, 269, 260, 9, 0, 0, 258, 269, 269, 269, 260, 0, 0, 0, 0, 0, 386, 387, 387, 387, 387, 387, 387, 387, 387, 388, 9, 0, 0, 258, 269, 269, 269, 260, 0, 0, 0, 0, 0, 0, 0, 0, 10, 10, 10, 10, 0, 0, 0, 0, 0, 0, 258, 269, 269, 269, 260, 0, 0, 0, 0, 0, 0, 0, 0, 0, 0, 0, 0, 0, 0, 0, 0, 0, 0, 258, 269, 269, 269, 142, 131, 131, 131, 131, 131, 131, 131, 131, 131, 131, 131, 131, 131, 131, 132, 0, 0, 0, 258, 269, 269, 269, 269, 269, 269, 269, 269, 269, 269, 269, 269, 269, 269, 269, 269, 269, 269, 260, 0, 0, 0, 258, 269, 269, 269, 269, 269, 269, 269, 269, 269, 269, 269, 269, 269, 269, 269, 269, 269, 269, 260, 0, 0, 0, 258, 269, 269, 269, 269, 269, 269, 269, 269, 269, 269, 269, 269, 269, 269, 269, 269, 269, 269, 260, 0, 0, 0, 258, 269, 269, 269, 269, 269, 269, 269, 269, 269, 269, 269, 269, 269, 269, 269, 269, 269, 269, 260, 8, 8, 8, 258, 269, 269, 269, 269, 269, 269, 269, 269, 269, 269, 269, 269, 269, 269, 269, 269, 269, 269, 142, 131, 131, 131, 140, 269, 269, 269],
         "height":16,
         "id":9,
         "name":"Terrain",
         "opacity":1,
         "type":"tilelayer",
         "visible":true,
         "width":23,
         "x":0,
         "y":0
        }, 
        {
         "data":[0, 0, 0, 0, 0, 0, 0, 0, 0, 0, 0, 0, 0, 0, 0, 0, 0, 0, 0, 0, 0, 0, 0, 0, 0, 0, 0, 0, 0, 0, 0, 0, 0, 0, 0, 0, 0, 0, 0, 0, 0, 0, 0, 0, 0, 0, 0, 0, 0, 0, 0, 0, 0, 0, 0, 0, 0, 0, 0, 0, 0, 0, 0, 0, 0, 0, 0, 0, 0, 0, 0, 0, 0, 0, 0, 0, 0, 0, 0, 0, 0, 0, 0, 0, 0, 0, 0, 0, 0, 0, 0, 0, 0, 0, 0, 0, 0, 0, 0, 0, 0, 0, 0, 0, 0, 0, 0, 0, 0, 0, 0, 0, 0, 0, 0, 0, 0, 0, 0, 0, 0, 0, 0, 0, 0, 0, 0, 0, 0, 0, 0, 0, 0, 0, 150, 0, 0, 0, 0, 0, 0, 0, 0, 0, 0, 0, 0, 0, 0, 0, 0, 0, 0, 0, 0, 0, 0, 278, 0, 0, 0, 0, 0, 0, 0, 0, 0, 0, 403, 404, 404, 404, 404, 404, 404, 405, 0, 0, 0, 0, 278, 0, 0, 0, 0, 0, 0, 0, 0, 0, 0, 0, 0, 0, 0, 0, 0, 0, 0, 0, 0, 0, 0, 278, 0, 0, 0, 0, 0, 0, 0, 0, 0, 0, 0, 0, 0, 0, 0, 0, 0, 0, 0, 0, 0, 0, 278, 0, 0, 0, 0, 147, 148, 148, 148, 149, 0, 0, 0, 0, 0, 0, 0, 0, 0, 0, 0, 0, 0, 278, 0, 0, 0, 0, 0, 0, 0, 0, 0, 0, 0, 0, 0, 0, 0, 0, 0, 0, 0, 0, 0, 0, 278, 0, 0, 0, 0, 0, 0, 0, 0, 0, 0, 0, 0, 0, 0, 0, 0, 0, 0, 0, 0, 0, 0, 278, 0, 0, 0, 0, 0, 0, 0, 0, 0, 0, 0, 0, 0, 0, 0, 0, 0, 0, 0, 0, 0, 0, 278, 0, 0, 0, 0, 0, 0, 0, 0, 0, 0, 0, 0, 0, 0, 0, 0, 0, 0, 0, 0, 0, 0, 406, 0, 0, 0, 0, 0, 0, 0, 0, 0, 0, 0, 0, 0, 0, 0, 0, 0, 0, 0, 0, 0, 0, 0, 0, 0, 0],
         "height":16,
         "id":23,
         "name":"Sticky",
         "opacity":1,
         "type":"tilelayer",
         "visible":true,
         "width":23,
         "x":0,
         "y":0
        }, 
        {
         "draworder":"topdown",
         "id":5,
         "name":"Entities",
         "objects":[
                {
                 "gid":2147483651,
                 "height":8,
                 "id":191,
                 "name":"",
                 "rotation":0,
                 "type":"",
                 "visible":true,
                 "width":8,
                 "x":160,
                 "y":32
                }, 
                {
                 "gid":2147483663,
                 "height":8,
                 "id":280,
                 "name":"",
                 "rotation":0,
                 "type":"",
                 "visible":true,
                 "width":8,
                 "x":88,
                 "y":80
                }, 
                {
                 "gid":2147483663,
                 "height":8,
                 "id":281,
                 "name":"",
                 "rotation":0,
                 "type":"",
                 "visible":true,
                 "width":8,
                 "x":104,
                 "y":80
                }, 
                {
                 "gid":2147483663,
                 "height":8,
                 "id":282,
                 "name":"",
                 "rotation":0,
                 "type":"",
                 "visible":true,
                 "width":8,
                 "x":120,
                 "y":80
                }, 
                {
                 "gid":5,
                 "height":8,
                 "id":283,
                 "name":"",
                 "rotation":0,
                 "type":"",
                 "visible":true,
                 "width":8,
                 "x":24,
                 "y":68
                }],
         "opacity":1,
         "type":"objectgroup",
         "visible":true,
         "x":0,
         "y":0
        }],
 "nextlayerid":24,
 "nextobjectid":284,
 "orientation":"orthogonal",
 "renderorder":"right-down",
 "tiledversion":"1.4.3",
 "tileheight":8,
 "tilesets":[
        {
         "firstgid":1,
         "source":"TilesetGame.json"
        }],
 "tilewidth":8,
 "type":"map",
 "version":1.4,
 "width":23
}