{ "columns":128,
 "editorsettings":
    {
     "export":
        {
         "format":"",
         "target":"."
        }
    },
 "image":"..\/Graphics\/game.png",
 "imageheight":1024,
 "imagewidth":1024,
 "margin":0,
 "name":"Tileset",
 "spacing":0,
 "tilecount":16384,
 "tiledversion":"1.4.3",
 "tileheight":8,
 "tiles":[
        {
         "id":1,
         "type":"StickyTerrain"
        }, 
        {
         "id":2,
         "properties":[
                {
                 "name":"last",
                 "type":"bool",
                 "value":false
                }, 
                {
                 "name":"preloader",
                 "type":"bool",
                 "value":false
                }, 
                {
                 "name":"title",
                 "type":"bool",
                 "value":false
                }],
         "type":"Game.pla"
        }, 
        {
         "id":3,
         "properties":[
                {
                 "name":"index",
                 "type":"int",
                 "value":0
                }, 
                {
                 "name":"touch offset",
                 "type":"int",
                 "value":0
                }],
         "type":"Game.Tutorial"
        }, 
        {
         "id":4,
         "properties":[
                {
                 "name":"horare",
                 "type":"int",
                 "value":0
                }, 
                {
                 "name":"horsta",
                 "type":"int",
                 "value":0
                }, 
                {
                 "name":"horste",
                 "type":"int",
                 "value":0
                }, 
                {
                 "name":"verare",
                 "type":"int",
                 "value":0
                }, 
                {
                 "name":"versta",
                 "type":"int",
                 "value":0
                }, 
                {
                 "name":"verste",
                 "type":"int",
                 "value":0
                }],
         "type":"Game.Goal"
        }, 
        {
         "id":5,
         "properties":[
                {
                 "name":"fliaby",
                 "type":"bool",
                 "value":true
                }, 
                {
                 "name":"vel",
                 "type":"float",
                 "value":0.5
                }],
         "type":"Game.FloorPatroller.Instance"
        }, 
        {
         "id":6,
         "properties":[
                {
                 "name":"stebeg",
                 "type":"int",
                 "value":30
                }, 
                {
                 "name":"stedes",
                 "type":"int",
                 "value":30
                }, 
                {
                 "name":"steori",
                 "type":"int",
                 "value":30
                }, 
                {
                 "name":"veldes",
                 "type":"float",
                 "value":1
                }, 
                {
                 "name":"velori",
                 "type":"float",
                 "value":1
                }, 
                {
                 "name":"xdis",
                 "type":"int",
                 "value":0
                }, 
                {
                 "name":"ydis",
                 "type":"int",
                 "value":0
                }],
         "type":"Game.DefaultAutoPlatform"
        }, 
        {
         "id":7,
         "properties":[
                {
                 "name":"rot",
                 "type":"int",
                 "value":0
                }],
         "type":"Game.Spike.Instance"
        }, 
        {
         "id":8,
         "properties":[
                {
                 "name":"rot",
                 "type":"int",
                 "value":1
                }],
         "type":"Game.Spike.Instance"
        }, 
        {
         "id":9,
         "properties":[
                {
                 "name":"rot",
                 "type":"int",
                 "value":2
                }],
         "type":"Game.Spike.Instance"
        }, 
        {
         "id":10,
         "properties":[
                {
                 "name":"rot",
                 "type":"int",
                 "value":3
                }],
         "type":"Game.Spike.Instance"
        }, 
        {
         "id":11,
         "type":"Game.plamen"
        }, 
        {
         "id":12,
         "properties":[
                {
                 "name":"stebeg",
                 "type":"int",
                 "value":10
                }, 
                {
                 "name":"stewai",
                 "type":"int",
                 "value":90
                }, 
                {
                 "name":"wat",
                 "type":"int",
                 "value":3
                }],
         "type":"Game.dro"
        }, 
        {
         "id":13,
         "properties":[
                {
                 "name":"vel",
                 "type":"float",
                 "value":1.75
                }],
         "type":"Game.slu"
        }, 
        {
         "id":14,
         "properties":[
                {
                 "name":"fliaby",
                 "type":"bool",
                 "value":true
                }, 
                {
                 "name":"vel",
                 "type":"float",
                 "value":0.7
                }],
         "type":"Game.FloorPatroller"
        }, 
        {
         "id":15,
         "type":"Game.sti"
        }, 
        {
         "id":16,
         "type":"Game.sti"
        }, 
        {
         "id":17,
         "type":"Game.sti"
        }, 
        {
         "id":18,
         "type":"Game.sti"
        }, 
        {
         "id":28,
         "properties":[
                {
                 "name":"ind",
                 "type":"int",
                 "value":0
                }],
         "type":"Game.Star"
        }, 
        {
         "id":29,
         "properties":[
                {
                 "name":"ind",
                 "type":"int",
                 "value":1
                }],
         "type":"Game.Star"
        }, 
        {
         "id":30,
         "properties":[
                {
                 "name":"ind",
                 "type":"int",
                 "value":2
                }],
         "type":"Game.Star"
        }, 
        {
         "id":31,
         "properties":[
                {
                 "name":"ind",
                 "type":"int",
                 "value":3
                }],
         "type":"Game.Star"
        }, 
        {
         "id":32,
         "properties":[
                {
                 "name":"ind",
                 "type":"int",
                 "value":4
                }],
         "type":"Game.Star"
        }, 
        {
         "id":33,
         "properties":[
                {
                 "name":"ind",
                 "type":"int",
                 "value":5
                }],
         "type":"Game.Star"
        }, 
        {
         "id":34,
         "properties":[
                {
                 "name":"col",
                 "type":"int",
                 "value":0
                }],
         "type":"Game.Doo"
        }, 
        {
         "id":35,
         "properties":[
                {
                 "name":"col",
                 "type":"int",
                 "value":0
                }, 
                {
                 "name":"vel",
                 "type":"float",
                 "value":3.3
                }],
         "type":"Game.Gem"
        }, 
        {
         "id":36,
         "properties":[
                {
                 "name":"col",
                 "type":"int",
                 "value":1
                }],
         "type":"Game.Doo"
        }, 
        {
         "id":37,
         "properties":[
                {
                 "name":"col",
                 "type":"int",
                 "value":1
                }, 
                {
                 "name":"vel",
                 "type":"float",
                 "value":3.3
                }],
         "type":"Game.Gem"
        }, 
        {
         "id":38,
         "properties":[
                {
                 "name":"col",
                 "type":"int",
                 "value":2
                }],
         "type":"Game.Doo"
        }, 
        {
         "id":39,
         "properties":[
                {
                 "name":"col",
                 "type":"int",
                 "value":2
                }, 
                {
                 "name":"vel",
                 "type":"float",
                 "value":3.3
                }],
         "type":"Game.Gem"
        }, 
        {
         "id":40,
         "properties":[
                {
                 "name":"dist",
                 "type":"int",
                 "value":0
                }, 
                {
                 "name":"spesca",
                 "type":"float",
                 "value":1
                }, 
                {
                 "name":"vel",
                 "type":"float",
                 "value":2
                }, 
                {
                 "name":"velani",
                 "type":"float",
                 "value":1
                }],
         "type":"Game.Skull"
        }, 
        {
         "id":41,
         "properties":[
                {
                 "name":"spesca",
                 "type":"float",
                 "value":1
                }, 
                {
                 "name":"velani",
                 "type":"float",
                 "value":1
                }, 
                {
                 "name":"xdis",
                 "type":"float",
                 "value":0
                }, 
                {
                 "name":"xsta",
                 "type":"int",
                 "value":0
                }, 
                {
                 "name":"xste",
                 "type":"int",
                 "value":0
                }, 
                {
                 "name":"ydis",
                 "type":"float",
                 "value":0
                }, 
                {
                 "name":"ysta",
                 "type":"int",
                 "value":0
                }, 
                {
                 "name":"yste",
                 "type":"int",
                 "value":0
                }],
         "type":"Game.Ghost"
        }, 
        {
         "id":42,
         "properties":[
                {
                 "name":"fad",
                 "type":"float",
                 "value":0.018
                }, 
                {
                 "name":"spesca",
                 "type":"float",
                 "value":1
                }, 
                {
                 "name":"stebeg",
                 "type":"int",
                 "value":30
                }, 
                {
                 "name":"stedes",
                 "type":"int",
                 "value":30
                }, 
                {
                 "name":"steori",
                 "type":"int",
                 "value":30
                }, 
                {
                 "name":"veldes",
                 "type":"float",
                 "value":1
                }, 
                {
                 "name":"velori",
                 "type":"float",
                 "value":1
                }, 
                {
                 "name":"xdis",
                 "type":"int",
                 "value":0
                }, 
                {
                 "name":"ydis",
                 "type":"int",
                 "value":0
                }],
         "type":"Game.GhostPlatform"
        }, 
        {
         "id":43,
         "type":"Game.GemTit"
        }, 
        {
         "id":44,
         "type":"Game.Moon"
        }, 
        {
         "id":128,
         "type":"Terrain"
        }, 
        {
         "id":129,
         "type":"Terrain"
        }, 
        {
         "id":130,
         "type":"Terrain"
        }, 
        {
         "id":131,
         "type":"Terrain"
        }, 
        {
         "id":132,
         "type":"Terrain"
        }, 
        {
         "id":133,
         "type":"Terrain"
        }, 
        {
         "id":135,
         "type":"Terrain"
        }, 
        {
         "id":136,
         "type":"Terrain"
        }, 
        {
         "id":137,
         "type":"Terrain"
        }, 
        {
         "id":139,
         "type":"Terrain"
        }, 
        {
         "id":140,
         "type":"Terrain"
        }, 
        {
         "id":141,
         "type":"Terrain"
        }, 
        {
         "id":142,
         "type":"Terrain"
        }, 
        {
         "id":143,
         "type":"Terrain"
        }, 
        {
         "id":144,
         "type":"Terrain"
        }, 
        {
         "id":145,
         "type":"StickyTerrain"
        }, 
        {
         "id":146,
         "type":"StickyTerrain"
        }, 
        {
         "id":147,
         "type":"StickyTerrain"
        }, 
        {
         "id":148,
         "type":"StickyTerrain"
        }, 
        {
         "id":149,
         "type":"StickyTerrain"
        }, 
        {
         "id":150,
         "type":"StickyTerrain"
        }, 
        {
         "id":157,
         "type":"Terrain"
        }, 
        {
         "id":158,
         "type":"Terrain"
        }, 
        {
         "id":159,
         "type":"Terrain"
        }, 
        {
         "id":160,
         "type":"Terrain"
        }, 
        {
         "id":161,
         "type":"Terrain"
        }, 
        {
         "id":162,
         "type":"Terrain"
        }, 
        {
         "id":256,
         "type":"Terrain"
        }, 
        {
         "id":257,
         "type":"Terrain"
        }, 
        {
         "id":258,
         "type":"Terrain"
        }, 
        {
         "id":259,
         "type":"Terrain"
        }, 
        {
         "id":260,
         "type":"Terrain"
        }, 
        {
         "id":261,
         "type":"Terrain"
        }, 
        {
         "id":262,
         "type":"Terrain"
        }, 
        {
         "id":263,
         "type":"Terrain"
        }, 
        {
         "id":264,
         "type":"Terrain"
        }, 
        {
         "id":265,
         "type":"Terrain"
        }, 
        {
         "id":266,
         "type":"Terrain"
        }, 
        {
         "id":268,
         "type":"Terrain"
        }, 
        {
         "id":270,
         "type":"Terrain"
        }, 
        {
         "id":271,
         "type":"Terrain"
        }, 
        {
         "id":272,
         "type":"Terrain"
        }, 
        {
         "id":273,
         "type":"StickyTerrain"
        }, 
        {
         "id":274,
         "type":"StickyTerrain"
        }, 
        {
         "id":275,
         "type":"StickyTerrain"
        }, 
        {
         "id":276,
         "type":"StickyTerrain"
        }, 
        {
         "id":277,
         "type":"StickyTerrain"
        }, 
        {
         "id":278,
         "type":"StickyTerrain"
        }, 
        {
         "id":279,
         "type":"Terrain"
        }, 
        {
         "id":280,
         "type":"Terrain"
        }, 
        {
         "id":281,
         "type":"Terrain"
        }, 
        {
         "id":282,
         "type":"Terrain"
        }, 
        {
         "id":283,
         "type":"Terrain"
        }, 
        {
         "id":285,
         "type":"Terrain"
        }, 
        {
         "id":287,
         "type":"Terrain"
        }, 
        {
         "id":288,
         "type":"Terrain"
        }, 
        {
         "id":289,
         "type":"Terrain"
        }, 
        {
         "id":290,
         "type":"Terrain"
        }, 
        {
         "id":384,
         "type":"Terrain"
        }, 
        {
         "id":385,
         "type":"Terrain"
        }, 
        {
         "id":386,
         "type":"Terrain"
        }, 
        {
         "id":387,
         "type":"Terrain"
        }, 
        {
         "id":388,
         "type":"Terrain"
        }, 
        {
         "id":389,
         "type":"Terrain"
        }, 
        {
         "id":390,
         "type":"Terrain"
        }, 
        {
         "id":391,
         "type":"Terrain"
        }, 
        {
         "id":392,
         "type":"Terrain"
        }, 
        {
         "id":393,
         "type":"Terrain"
        }, 
        {
         "id":394,
         "type":"Terrain"
        }, 
        {
         "id":395,
         "type":"Terrain"
        }, 
        {
         "id":396,
         "type":"Terrain"
        }, 
        {
         "id":397,
         "type":"Terrain"
        }, 
        {
         "id":398,
         "type":"Terrain"
        }, 
        {
         "id":399,
         "type":"Terrain"
        }, 
        {
         "id":400,
         "type":"Terrain"
        }, 
        {
         "id":402,
         "type":"StickyTerrain"
        }, 
        {
         "id":403,
         "type":"StickyTerrain"
        }, 
        {
         "id":404,
         "type":"StickyTerrain"
        }, 
        {
         "id":405,
         "type":"StickyTerrain"
        }, 
        {
         "id":406,
         "type":"StickyTerrain"
        }, 
        {
         "id":407,
         "type":"Terrain"
        }, 
        {
         "id":408,
         "type":"Terrain"
        }, 
        {
         "id":409,
         "type":"Terrain"
        }, 
        {
         "id":410,
         "type":"Terrain"
        }, 
        {
         "id":411,
         "type":"Terrain"
        }, 
        {
         "id":412,
         "type":"Terrain"
        }, 
        {
         "id":413,
         "type":"Terrain"
        }, 
        {
         "id":414,
         "type":"Terrain"
        }, 
        {
         "id":415,
         "type":"Terrain"
        }, 
        {
         "id":416,
         "type":"Terrain"
        }, 
        {
         "id":417,
         "type":"Terrain"
        }, 
        {
         "id":418,
         "type":"Terrain"
        }],
 "tilewidth":8,
 "type":"tileset",
 "version":1.4
}