{
	"name": "Dunk Drawing",
	"short_name": "Dunk Drawing",
	"description": "basketDrawing game",
	"start_url": "index.html",
	"display": "fullscreen",
	"orientation": "any",
	"background_color": "#ffffff",
	"icons": [
		{
			"src": "icons/icon-32.png",
			"sizes": "32x32",
			"type": "image/png"
		},
		{
			"src": "icons/icon-114.png",
			"sizes": "114x114",
			"type": "image/png"
		},
		{
			"src": "icons/icon-128.png",
			"sizes": "128x128",
			"type": "image/png"
		},
		{
			"src": "icons/icon-256.png",
			"sizes": "256x256",
			"type": "image/png"
		},
		{
			"src": "icons/icon-512.png",
			"sizes": "512x512",
			"type": "image/png"
		}
	]
}